,sales,Predicted_sales
0,31,30.36022801620885
1,9,9.02473200381636
2,94,96.22980978003643
3,29,28.78929874808279
4,4,4.051546283354887
5,15,14.75732317128709
6,5,5.044721542111473
7,5,5.044721542111473
8,8,8.041328258949278
9,8,8.041328258949278
10,3,3.064966084806565
11,2,2.116362682466348
12,3,3.064966084806565
13,8,8.041328258949278
14,39,38.780736949501076
15,1,1.3141449687123736
16,2,2.116362682466348
17,7,7.019258597723146
18,42,42.27102688515584
19,5,5.044721542111473
20,3,3.064966084806565
21,7,7.019258597723146
22,18,18.181389406305758
23,44,43.997997100625426
24,19,18.95087187153055
25,3,3.064966084806565
26,26,25.747718991472073
27,5,5.044721542111473
28,11,11.003603276297175
29,11,11.003603276297175
30,39,38.780736949501076
31,6,6.0107923941516255
32,6,6.0107923941516255
33,29,28.78929874808279
34,31,30.36022801620885
35,6,6.0107923941516255
36,11,11.003603276297175
37,4,4.051546283354887
38,11,11.003603276297175
39,8,8.041328258949278
40,2,2.116362682466348
41,6,6.0107923941516255
42,15,14.75732317128709
43,58,59.104449641477814
44,1,1.3141449687123736
45,39,38.780736949501076
46,50,51.0152389462831
47,33,32.93786308144648
48,5,5.044721542111473
49,30,30.1201122592511
50,26,25.747718991472073
51,8,8.041328258949278
52,8,8.041328258949278
53,49,48.90463156767179
54,6,6.0107923941516255
55,11,11.003603276297175
56,2,2.116362682466348
57,10,9.979972333776937
58,33,32.93786308144648
59,8,8.041328258949278
60,17,16.701203520855938
61,10,9.979972333776937
62,1,1.3141449687123736
63,30,30.1201122592511
64,4,4.051546283354887
65,10,9.979972333776937
66,5,5.044721542111473
67,13,12.76476609574017
68,4,4.051546283354887
69,11,11.003603276297175
70,131,132.1706216161854
71,23,23.01536081052758
72,1,1.3141449687123736
73,17,16.701203520855938
74,26,25.747718991472073
75,158,156.0234147994354
76,20,20.283885157438487
77,10,9.979972333776937
78,13,12.76476609574017
79,2,2.116362682466348
80,37,37.519673475866085
81,46,45.807069636952775
82,9,9.02473200381636
83,33,32.93786308144648
84,97,96.62817732229179
85,13,12.76476609574017
86,2,2.116362682466348
87,165,164.67747443830945
88,18,18.181389406305758
89,24,23.96527661006553
90,2,2.116362682466348
91,49,48.90463156767179
92,35,35.21216083192941
93,1,1.3141449687123736
94,157,156.0234147994354
95,85,84.13112020329562
96,13,12.76476609574017
97,60,59.37664498027124
98,12,12.07669511065504
99,2,2.116362682466348
100,38,37.8619578973409
101,14,14.25601835834298
102,13,12.76476609574017
103,13,12.76476609574017
104,79,78.73780717040692
105,22,21.934516716845927
106,12,12.07669511065504
107,4,4.051546283354887
108,1,1.3141449687123736
109,12,12.07669511065504
110,11,11.003603276297175
111,146,147.20283417293885
112,23,23.01536081052758
113,8,8.041328258949278
114,64,64.63708151786636
115,3,3.064966084806565
116,37,37.519673475866085
117,22,21.934516716845927
118,23,23.01536081052758
119,14,14.25601835834298
120,42,42.27102688515584
121,36,35.58215338558686
122,3,3.064966084806565
123,23,23.01536081052758
124,8,8.041328258949278
125,18,18.181389406305758
126,8,8.041328258949278
127,21,20.98554862153553
128,5,5.044721542111473
129,44,43.997997100625426
130,2,2.116362682466348
131,12,12.07669511065504
132,58,59.104449641477814
133,73,72.73271502042932
134,10,9.979972333776937
135,2,2.116362682466348
136,31,30.36022801620885
137,64,64.63708151786636
138,5,5.044721542111473
139,8,8.041328258949278
140,33,32.93786308144648
141,3,3.064966084806565
142,54,53.78257988109035
143,8,8.041328258949278
144,12,12.07669511065504
145,32,32.510956445705624
146,55,55.19078685623226
147,5,5.044721542111473
148,5,5.044721542111473
149,35,35.21216083192941
150,12,12.07669511065504
151,31,30.36022801620885
152,3,3.064966084806565
153,12,12.07669511065504
154,9,9.02473200381636
155,4,4.051546283354887
156,8,8.041328258949278
157,2,2.116362682466348
158,2,2.116362682466348
159,11,11.003603276297175
160,9,9.02473200381636
161,16,16.235505907615156
162,3,3.064966084806565
163,21,20.98554862153553
164,43,43.22245475651366
165,41,40.38737195524507
166,44,43.997997100625426
167,17,16.701203520855938
168,8,8.041328258949278
169,103,103.37687907580761
170,76,76.49347380147768
171,9,9.02473200381636
172,10,9.979972333776937
173,42,42.27102688515584
174,6,6.0107923941516255
175,18,18.181389406305758
176,15,14.75732317128709
177,1,1.3141449687123736
178,9,9.02473200381636
179,5,5.044721542111473
180,5,5.044721542111473
181,8,8.041328258949278
182,9,9.02473200381636
183,7,7.019258597723146
184,12,12.07669511065504
185,8,8.041328258949278
186,4,4.051546283354887
187,11,11.003603276297175
188,33,32.93786308144648
189,26,25.747718991472073
190,116,116.03110184260419
191,5,5.044721542111473
192,5,5.044721542111473
193,6,6.0107923941516255
194,7,7.019258597723146
195,5,5.044721542111473
196,2,2.116362682466348
197,6,6.0107923941516255
198,8,8.041328258949278
199,13,12.76476609574017
200,14,14.25601835834298
201,2,2.116362682466348
202,32,32.510956445705624
203,16,16.235505907615156
204,5,5.044721542111473
205,20,20.283885157438487
206,32,32.510956445705624
207,62,61.7353238657382
208,8,8.041328258949278
209,111,111.60403561709742
210,3,3.064966084806565
211,9,9.02473200381636
212,2,2.116362682466348
213,16,16.235505907615156
214,43,43.22245475651366
215,7,7.019258597723146
216,5,5.044721542111473
217,8,8.041328258949278
218,28,27.983996500348503
219,24,23.96527661006553
220,12,12.07669511065504
221,26,25.747718991472073
222,28,27.983996500348503
223,1,1.3141449687123736
224,43,43.22245475651366
225,8,8.041328258949278
226,15,14.75732317128709
227,3,3.064966084806565
228,5,5.044721542111473
229,5,5.044721542111473
230,1,1.3141449687123736
231,35,35.21216083192941
232,37,37.519673475866085
233,29,28.78929874808279
234,18,18.181389406305758
235,4,4.051546283354887
236,30,30.1201122592511
237,3,3.064966084806565
238,36,35.58215338558686
239,17,16.701203520855938
240,45,44.92199981057155
241,32,32.510956445705624
242,46,45.807069636952775
243,3,3.064966084806565
244,29,28.78929874808279
245,14,14.25601835834298
246,15,14.75732317128709
247,3,3.064966084806565
248,3,3.064966084806565
249,13,12.76476609574017
250,8,8.041328258949278
251,15,14.75732317128709
252,15,14.75732317128709
253,57,56.17281675472641
254,3,3.064966084806565
255,3,3.064966084806565
256,9,9.02473200381636
257,16,16.235505907615156
258,7,7.019258597723146
259,44,43.997997100625426
260,9,9.02473200381636
261,1,1.3141449687123736
262,9,9.02473200381636
263,83,82.76190243779607
264,2,2.116362682466348
265,15,14.75732317128709
266,3,3.064966084806565
267,10,9.979972333776937
268,13,12.76476609574017
269,45,44.92199981057155
270,48,47.446973185579076
271,8,8.041328258949278
272,24,23.96527661006553
273,44,43.997997100625426
274,89,89.45932347639877
275,16,16.235505907615156
276,15,14.75732317128709
277,118,117.18507528976278
278,10,9.979972333776937
279,2,2.116362682466348
280,38,37.8619578973409
281,5,5.044721542111473
282,6,6.0107923941516255
283,52,51.517789894271786
284,11,11.003603276297175
285,101,98.64194787706643
286,3,3.064966084806565
287,12,12.07669511065504
288,3,3.064966084806565
289,42,42.27102688515584
290,10,9.979972333776937
291,5,5.044721542111473
292,23,23.01536081052758
293,9,9.02473200381636
294,7,7.019258597723146
295,85,84.13112020329562
296,3,3.064966084806565
297,12,12.07669511065504
298,2,2.116362682466348
299,9,9.02473200381636
300,5,5.044721542111473
301,14,14.25601835834298
302,17,16.701203520855938
303,30,30.1201122592511
304,32,32.510956445705624
305,19,18.95087187153055
306,14,14.25601835834298
307,31,30.36022801620885
308,3,3.064966084806565
309,79,78.73780717040692
310,4,4.051546283354887
311,2,2.116362682466348
312,17,16.701203520855938
313,29,28.78929874808279
314,5,5.044721542111473
315,14,14.25601835834298
316,2,2.116362682466348
317,15,14.75732317128709
318,40,40.38737195524507
319,6,6.0107923941516255
320,116,116.03110184260419
321,3,3.064966084806565
322,3,3.064966084806565
323,35,35.21216083192941
324,3,3.064966084806565
325,5,5.044721542111473
326,25,24.970375070073743
327,14,14.25601835834298
328,210,210.50772094956622
329,39,38.780736949501076
330,17,16.701203520855938
331,7,7.019258597723146
332,27,27.176484138357733
333,37,37.519673475866085
334,1,1.3141449687123736
335,27,27.176484138357733
336,19,18.95087187153055
337,11,11.003603276297175
338,24,23.96527661006553
339,4,4.051546283354887
340,17,16.701203520855938
341,5,5.044721542111473
342,23,23.01536081052758
343,37,37.519673475866085
344,12,12.07669511065504
345,68,66.68467852724481
346,82,82.36773016615474
347,82,82.36773016615474
348,13,12.76476609574017
349,5,5.044721542111473
350,1,1.3141449687123736
351,17,16.701203520855938
352,11,11.003603276297175
353,5,5.044721542111473
354,21,20.98554862153553
355,3,3.064966084806565
356,3,3.064966084806565
357,24,23.96527661006553
358,1,1.3141449687123736
359,4,4.051546283354887
360,5,5.044721542111473
361,4,4.051546283354887
362,11,11.003603276297175
363,11,11.003603276297175
364,59,59.104449641477814
365,10,9.979972333776937
366,9,9.02473200381636
367,24,23.96527661006553
368,2,2.116362682466348
369,44,43.997997100625426
370,10,9.979972333776937
371,29,28.78929874808279
372,10,9.979972333776937
373,20,20.283885157438487
374,7,7.019258597723146
375,17,16.701203520855938
376,30,30.1201122592511
377,25,24.970375070073743
378,4,4.051546283354887
379,45,44.92199981057155
380,2,2.116362682466348
381,4,4.051546283354887
382,11,11.003603276297175
383,27,27.176484138357733
384,25,24.970375070073743
385,6,6.0107923941516255
386,81,80.4294938522873
387,3,3.064966084806565
388,6,6.0107923941516255
389,5,5.044721542111473
390,17,16.701203520855938
391,2,2.116362682466348
392,2,2.116362682466348
393,10,9.979972333776937
394,78,78.03196602699913
395,43,43.22245475651366
396,74,74.11275514126885
397,5,5.044721542111473
398,33,32.93786308144648
399,4,4.051546283354887
400,40,40.38737195524507
401,2,2.116362682466348
402,27,27.176484138357733
403,8,8.041328258949278
404,27,27.176484138357733
405,14,14.25601835834298
406,13,12.76476609574017
407,35,35.21216083192941
408,30,30.1201122592511
409,21,20.98554862153553
410,5,5.044721542111473
411,8,8.041328258949278
412,4,4.051546283354887
413,117,116.97008600217757
414,115,116.03110184260419
415,20,20.283885157438487
416,15,14.75732317128709
417,11,11.003603276297175
418,18,18.181389406305758
419,64,64.63708151786636
420,10,9.979972333776937
421,24,23.96527661006553
422,5,5.044721542111473
423,2,2.116362682466348
424,5,5.044721542111473
425,19,18.95087187153055
426,36,35.58215338558686
427,126,125.50817655927621
428,2,2.116362682466348
429,18,18.181389406305758
430,19,18.95087187153055
431,8,8.041328258949278
432,8,8.041328258949278
433,16,16.235505907615156
434,21,20.98554862153553
435,65,64.7211193294363
436,6,6.0107923941516255
437,39,38.780736949501076
438,5,5.044721542111473
439,18,18.181389406305758
440,21,20.98554862153553
441,16,16.235505907615156
442,14,14.25601835834298
443,8,8.041328258949278
444,11,11.003603276297175
445,15,14.75732317128709
446,61,61.57995112831817
447,8,8.041328258949278
448,35,35.21216083192941
449,60,59.37664498027124
450,17,16.701203520855938
451,52,51.517789894271786
452,3,3.064966084806565
453,3,3.064966084806565
454,98,98.01906184160944
455,217,216.4171898659725
456,13,12.76476609574017
457,30,30.1201122592511
458,26,25.747718991472073
459,10,9.979972333776937
460,9,9.02473200381636
461,41,40.38737195524507
462,27,27.176484138357733
463,7,7.019258597723146
464,13,12.76476609574017
465,1,1.3141449687123736
466,12,12.07669511065504
467,1,1.3141449687123736
468,17,16.701203520855938
469,10,9.979972333776937
470,14,14.25601835834298
471,3,3.064966084806565
472,56,56.17281675472641
473,41,40.38737195524507
474,26,25.747718991472073
475,9,9.02473200381636
476,4,4.051546283354887
477,17,16.701203520855938
478,90,89.45932347639877
479,2,2.116362682466348
480,44,43.997997100625426
481,10,9.979972333776937
482,87,87.11166484451847
483,49,48.90463156767179
484,2,2.116362682466348
485,18,18.181389406305758
486,5,5.044721542111473
487,14,14.25601835834298
488,24,23.96527661006553
489,22,21.934516716845927
490,12,12.07669511065504
491,4,4.051546283354887
492,52,51.517789894271786
493,7,7.019258597723146
494,8,8.041328258949278
495,10,9.979972333776937
496,28,27.983996500348503
497,49,48.90463156767179
498,9,9.02473200381636
499,24,23.96527661006553
500,8,8.041328258949278
501,16,16.235505907615156
502,10,9.979972333776937
503,9,9.02473200381636
504,8,8.041328258949278
505,31,30.36022801620885
506,15,14.75732317128709
507,23,23.01536081052758
508,2,2.116362682466348
509,13,12.76476609574017
510,22,21.934516716845927
511,7,7.019258597723146
512,2,2.116362682466348
513,150,149.0937978447336
514,16,16.235505907615156
515,19,18.95087187153055
516,16,16.235505907615156
517,10,9.979972333776937
518,3,3.064966084806565
519,7,7.019258597723146
520,26,25.747718991472073
521,46,45.807069636952775
522,1,1.3141449687123736
523,4,4.051546283354887
524,3,3.064966084806565
525,10,9.979972333776937
526,28,27.983996500348503
527,3,3.064966084806565
528,19,18.95087187153055
529,4,4.051546283354887
530,22,21.934516716845927
531,16,16.235505907615156
532,37,37.519673475866085
533,11,11.003603276297175
534,2,2.116362682466348
535,10,9.979972333776937
536,35,35.21216083192941
537,105,104.25178543723041
538,1,1.3141449687123736
539,22,21.934516716845927
540,6,6.0107923941516255
541,22,21.934516716845927
542,1,1.3141449687123736
543,8,8.041328258949278
544,151,151.18571862139325
545,26,25.747718991472073
546,5,5.044721542111473
547,84,84.0927734391949
548,11,11.003603276297175
549,44,43.997997100625426
550,9,9.02473200381636
551,9,9.02473200381636
552,3,3.064966084806565
553,5,5.044721542111473
554,17,16.701203520855938
555,2,2.116362682466348
556,14,14.25601835834298
557,2,2.116362682466348
558,55,55.19078685623226
559,6,6.0107923941516255
560,20,20.283885157438487
561,97,96.62817732229179
562,9,9.02473200381636
563,18,18.181389406305758
564,25,24.970375070073743
565,5,5.044721542111473
566,148,147.56823861031285
567,11,11.003603276297175
568,293,292.5110258752253
569,2,2.116362682466348
570,53,52.61958260138542
571,9,9.02473200381636
572,5,5.044721542111473
573,10,9.979972333776937
574,15,14.75732317128709
575,23,23.01536081052758
576,54,53.78257988109035
577,133,132.1706216161854
578,26,25.747718991472073
579,9,9.02473200381636
580,6,6.0107923941516255
581,46,45.807069636952775
582,6,6.0107923941516255
583,44,43.997997100625426
584,11,11.003603276297175
585,4,4.051546283354887
586,8,8.041328258949278
587,4,4.051546283354887
588,27,27.176484138357733
589,2,2.116362682466348
590,3,3.064966084806565
591,3,3.064966084806565
592,6,6.0107923941516255
593,3,3.064966084806565
594,36,35.58215338558686
595,6,6.0107923941516255
596,24,23.96527661006553
597,25,24.970375070073743
598,4,4.051546283354887
599,23,23.01536081052758
600,44,43.997997100625426
601,11,11.003603276297175
602,26,25.747718991472073
603,6,6.0107923941516255
604,3,3.064966084806565
605,17,16.701203520855938
606,24,23.96527661006553
607,3,3.064966084806565
608,26,25.747718991472073
609,29,28.78929874808279
610,3,3.064966084806565
611,79,78.73780717040692
612,4,4.051546283354887
613,11,11.003603276297175
614,30,30.1201122592511
615,10,9.979972333776937
616,10,9.979972333776937
617,6,6.0107923941516255
618,1,1.3141449687123736
619,1,1.3141449687123736
620,18,18.181389406305758
621,23,23.01536081052758
622,7,7.019258597723146
623,35,35.21216083192941
624,41,40.38737195524507
625,23,23.01536081052758
626,8,8.041328258949278
627,18,18.181389406305758
628,21,20.98554862153553
629,23,23.01536081052758
630,19,18.95087187153055
631,2,2.116362682466348
632,26,25.747718991472073
633,73,72.73271502042932
634,6,6.0107923941516255
635,71,70.23962661206306
636,214,213.48779725262418
637,4,4.051546283354887
638,7,7.019258597723146
639,14,14.25601835834298
640,44,43.997997100625426
641,23,23.01536081052758
642,3,3.064966084806565
643,32,32.510956445705624
644,91,91.12089291667426
645,27,27.176484138357733
646,20,20.283885157438487
647,20,20.283885157438487
648,9,9.02473200381636
649,35,35.21216083192941
650,17,16.701203520855938
651,15,14.75732317128709
652,18,18.181389406305758
653,49,48.90463156767179
654,5,5.044721542111473
655,30,30.1201122592511
656,5,5.044721542111473
657,5,5.044721542111473
658,5,5.044721542111473
659,9,9.02473200381636
660,6,6.0107923941516255
661,27,27.176484138357733
662,1,1.3141449687123736
663,5,5.044721542111473
664,51,51.0152389462831
665,43,43.22245475651366
666,5,5.044721542111473
667,27,27.176484138357733
668,9,9.02473200381636
669,8,8.041328258949278
670,37,37.519673475866085
671,122,120.91177343182623
672,2,2.116362682466348
673,4,4.051546283354887
674,6,6.0107923941516255
675,3,3.064966084806565
676,23,23.01536081052758
677,207,205.84811032715353
678,3,3.064966084806565
679,12,12.07669511065504
680,12,12.07669511065504
681,5,5.044721542111473
682,15,14.75732317128709
683,4,4.051546283354887
684,34,33.15762640364192
685,2,2.116362682466348
686,70,70.23962661206306
687,7,7.019258597723146
688,72,72.53890349848011
689,25,24.970375070073743
690,4,4.051546283354887
691,5,5.044721542111473
692,124,120.91177343182623
693,9,9.02473200381636
694,6,6.0107923941516255
695,11,11.003603276297175
696,42,42.27102688515584
697,8,8.041328258949278
698,9,9.02473200381636
699,1,1.3141449687123736
700,15,14.75732317128709
701,9,9.02473200381636
702,53,52.61958260138542
703,10,9.979972333776937
704,43,43.22245475651366
705,49,48.90463156767179
706,60,59.37664498027124
707,1,1.3141449687123736
708,50,51.0152389462831
709,1,1.3141449687123736
710,76,76.49347380147768
711,22,21.934516716845927
712,9,9.02473200381636
713,2,2.116362682466348
714,11,11.003603276297175
715,7,7.019258597723146
716,6,6.0107923941516255
717,3,3.064966084806565
718,1,1.3141449687123736
719,542,540.7359526985813
720,33,32.93786308144648
721,23,23.01536081052758
722,11,11.003603276297175
723,18,18.181389406305758
724,6,6.0107923941516255
725,1,1.3141449687123736
726,49,48.90463156767179
727,2,2.116362682466348
728,13,12.76476609574017
729,12,12.07669511065504
730,111,111.60403561709742
731,51,51.0152389462831
732,5,5.044721542111473
733,22,21.934516716845927
734,3,3.064966084806565
735,16,16.235505907615156
736,16,16.235505907615156
737,5,5.044721542111473
738,32,32.510956445705624
739,10,9.979972333776937
740,31,30.36022801620885
741,6,6.0107923941516255
742,14,14.25601835834298
743,14,14.25601835834298
744,8,8.041328258949278
745,8,8.041328258949278
746,9,9.02473200381636
747,26,25.747718991472073
748,7,7.019258597723146
749,30,30.1201122592511
750,8,8.041328258949278
751,7,7.019258597723146
752,1,1.3141449687123736
753,133,132.1706216161854
754,32,32.510956445705624
755,1,1.3141449687123736
756,2,2.116362682466348
757,1,1.3141449687123736
758,1,1.3141449687123736
759,1,1.3141449687123736
760,5,5.044721542111473
761,17,16.701203520855938
762,13,12.76476609574017
763,26,25.747718991472073
764,12,12.07669511065504
765,23,23.01536081052758
766,88,87.11166484451847
767,39,38.780736949501076
768,52,51.517789894271786
769,12,12.07669511065504
770,14,14.25601835834298
771,430,429.16966608462246
772,10,9.979972333776937
773,11,11.003603276297175
774,29,28.78929874808279
775,11,11.003603276297175
776,53,52.61958260138542
777,16,16.235505907615156
778,6,6.0107923941516255
779,11,11.003603276297175
780,25,24.970375070073743
781,54,53.78257988109035
782,25,24.970375070073743
783,23,23.01536081052758
784,1,1.3141449687123736
785,19,18.95087187153055
786,5,5.044721542111473
787,22,21.934516716845927
788,20,20.283885157438487
789,17,16.701203520855938
790,13,12.76476609574017
791,2,2.116362682466348
792,2,2.116362682466348
793,8,8.041328258949278
794,39,38.780736949501076
795,7,7.019258597723146
796,2,2.116362682466348
797,16,16.235505907615156
798,3,3.064966084806565
799,56,56.17281675472641
800,13,12.76476609574017
801,6,6.0107923941516255
802,3,3.064966084806565
803,49,48.90463156767179
804,3,3.064966084806565
805,47,46.99417000238697
806,41,40.38737195524507
807,1,1.3141449687123736
808,1,1.3141449687123736
809,38,37.8619578973409
810,3,3.064966084806565
811,29,28.78929874808279
812,30,30.1201122592511
813,18,18.181389406305758
814,37,37.519673475866085
815,80,80.37416810710012
816,33,32.93786308144648
817,28,27.983996500348503
818,47,46.99417000238697
819,5,5.044721542111473
820,6,6.0107923941516255
821,27,27.176484138357733
822,11,11.003603276297175
823,15,14.75732317128709
824,9,9.02473200381636
825,2,2.116362682466348
826,16,16.235505907615156
827,12,12.07669511065504
828,73,72.73271502042932
829,5,5.044721542111473
830,32,32.510956445705624
831,3,3.064966084806565
832,4,4.051546283354887
833,17,16.701203520855938
834,27,27.176484138357733
835,2,2.116362682466348
836,12,12.07669511065504
837,5,5.044721542111473
838,25,24.970375070073743
839,3,3.064966084806565
840,179,176.9026308947478
841,9,9.02473200381636
842,8,8.041328258949278
843,70,70.23962661206306
844,1,1.3141449687123736
845,8,8.041328258949278
846,3,3.064966084806565
847,27,27.176484138357733
848,3,3.064966084806565
849,55,55.19078685623226
850,15,14.75732317128709
851,25,24.970375070073743
852,7,7.019258597723146
853,6,6.0107923941516255
854,14,14.25601835834298
855,47,46.99417000238697
856,4,4.051546283354887
857,56,56.17281675472641
858,77,76.49347380147768
859,93,91.12089291667426
860,14,14.25601835834298
861,8,8.041328258949278
862,2,2.116362682466348
863,7,7.019258597723146
864,1,1.3141449687123736
865,12,12.07669511065504
866,1,1.3141449687123736
867,3,3.064966084806565
868,11,11.003603276297175
869,11,11.003603276297175
870,22,21.934516716845927
871,57,56.17281675472641
872,6,6.0107923941516255
873,3,3.064966084806565
874,7,7.019258597723146
875,2,2.116362682466348
876,18,18.181389406305758
877,9,9.02473200381636
878,15,14.75732317128709
879,9,9.02473200381636
880,5,5.044721542111473
881,28,27.983996500348503
882,3,3.064966084806565
883,3,3.064966084806565
884,1,1.3141449687123736
885,4,4.051546283354887
886,96,96.22980978003643
887,99,98.64194787706643
888,2,2.116362682466348
889,10,9.979972333776937
890,4,4.051546283354887
891,31,30.36022801620885
892,9,9.02473200381636
893,4,4.051546283354887
894,3,3.064966084806565
895,1,1.3141449687123736
896,51,51.0152389462831
897,9,9.02473200381636
898,1,1.3141449687123736
899,81,80.4294938522873
900,55,55.19078685623226
901,10,9.979972333776937
902,85,84.13112020329562
903,2,2.116362682466348
904,15,14.75732317128709
905,15,14.75732317128709
906,17,16.701203520855938
907,5,5.044721542111473
908,20,20.283885157438487
909,21,20.98554862153553
910,64,64.63708151786636
911,8,8.041328258949278
912,14,14.25601835834298
913,36,35.58215338558686
914,7,7.019258597723146
915,2,2.116362682466348
916,44,43.997997100625426
917,2,2.116362682466348
918,7,7.019258597723146
919,4,4.051546283354887
920,3,3.064966084806565
921,43,43.22245475651366
922,2,2.116362682466348
923,9,9.02473200381636
924,7,7.019258597723146
925,13,12.76476609574017
926,19,18.95087187153055
927,62,61.7353238657382
928,1,1.3141449687123736
929,2,2.116362682466348
930,15,14.75732317128709
931,4,4.051546283354887
932,9,9.02473200381636
933,20,20.283885157438487
934,35,35.21216083192941
935,8,8.041328258949278
936,2,2.116362682466348
937,8,8.041328258949278
938,27,27.176484138357733
939,18,18.181389406305758
940,5,5.044721542111473
941,3,3.064966084806565
942,8,8.041328258949278
943,11,11.003603276297175
944,11,11.003603276297175
945,13,12.76476609574017
946,3,3.064966084806565
947,30,30.1201122592511
948,43,43.22245475651366
949,5,5.044721542111473
950,2,2.116362682466348
951,13,12.76476609574017
952,32,32.510956445705624
953,8,8.041328258949278
954,19,18.95087187153055
955,10,9.979972333776937
956,66,66.22601834105258
957,19,18.95087187153055
958,5,5.044721542111473
959,24,23.96527661006553
960,7,7.019258597723146
961,10,9.979972333776937
962,4,4.051546283354887
963,9,9.02473200381636
964,3,3.064966084806565
965,7,7.019258597723146
966,27,27.176484138357733
967,18,18.181389406305758
968,23,23.01536081052758
969,95,96.22980978003643
970,1,1.3141449687123736
971,25,24.970375070073743
972,5,5.044721542111473
973,5,5.044721542111473
974,95,96.22980978003643
975,116,116.03110184260419
976,16,16.235505907615156
977,10,9.979972333776937
978,7,7.019258597723146
979,278,277.56896908939655
980,11,11.003603276297175
981,13,12.76476609574017
982,22,21.934516716845927
983,116,116.03110184260419
984,67,66.68467852724481
985,1,1.3141449687123736
986,2,2.116362682466348
987,43,43.22245475651366
988,45,44.92199981057155
989,13,12.76476609574017
990,10,9.979972333776937
991,9,9.02473200381636
992,3,3.064966084806565
993,2,2.116362682466348
994,9,9.02473200381636
995,3,3.064966084806565
996,10,9.979972333776937
997,47,46.99417000238697
998,35,35.21216083192941
999,20,20.283885157438487
1000,9,9.02473200381636
1001,10,9.979972333776937
1002,6,6.0107923941516255
1003,5,5.044721542111473
1004,25,24.970375070073743
1005,7,7.019258597723146
1006,1,1.3141449687123736
1007,17,16.701203520855938
1008,1,1.3141449687123736
1009,7,7.019258597723146
1010,17,16.701203520855938
1011,31,30.36022801620885
1012,3,3.064966084806565
1013,19,18.95087187153055
1014,33,32.93786308144648
1015,7,7.019258597723146
1016,3,3.064966084806565
1017,17,16.701203520855938
1018,44,43.997997100625426
1019,11,11.003603276297175
1020,2,2.116362682466348
1021,184,185.18853074784982
1022,5,5.044721542111473
1023,56,56.17281675472641
1024,39,38.780736949501076
1025,31,30.36022801620885
1026,3,3.064966084806565
1027,25,24.970375070073743
1028,7,7.019258597723146
1029,1,1.3141449687123736
1030,31,30.36022801620885
1031,80,80.37416810710012
1032,17,16.701203520855938
1033,27,27.176484138357733
1034,26,25.747718991472073
1035,14,14.25601835834298
1036,2,2.116362682466348
1037,2,2.116362682466348
1038,2,2.116362682466348
1039,3,3.064966084806565
1040,5,5.044721542111473
1041,11,11.003603276297175
1042,6,6.0107923941516255
1043,22,21.934516716845927
1044,1,1.3141449687123736
1045,21,20.98554862153553
1046,24,23.96527661006553
1047,4,4.051546283354887
1048,63,61.7353238657382
1049,15,14.75732317128709
1050,4,4.051546283354887
1051,2,2.116362682466348
1052,30,30.1201122592511
1053,5,5.044721542111473
1054,66,66.22601834105258
1055,85,84.13112020329562
1056,19,18.95087187153055
1057,4,4.051546283354887
1058,198,197.56857435185225
1059,19,18.95087187153055
1060,29,28.78929874808279
1061,12,12.07669511065504
1062,20,20.283885157438487
1063,38,37.8619578973409
1064,19,18.95087187153055
1065,8,8.041328258949278
1066,9,9.02473200381636
1067,27,27.176484138357733
1068,206,205.5862704010662
1069,15,14.75732317128709
1070,19,18.95087187153055
1071,103,103.37687907580761
1072,3,3.064966084806565
1073,131,132.1706216161854
1074,11,11.003603276297175
1075,29,28.78929874808279
1076,3,3.064966084806565
1077,3,3.064966084806565
1078,13,12.76476609574017
1079,41,40.38737195524507
1080,4,4.051546283354887
1081,28,27.983996500348503
1082,51,51.0152389462831
1083,3,3.064966084806565
1084,6,6.0107923941516255
1085,186,185.18853074784982
1086,1,1.3141449687123736
1087,2,2.116362682466348
1088,5,5.044721542111473
1089,2,2.116362682466348
1090,6,6.0107923941516255
1091,2,2.116362682466348
1092,35,35.21216083192941
1093,6,6.0107923941516255
1094,48,47.446973185579076
1095,4,4.051546283354887
1096,5,5.044721542111473
1097,2,2.116362682466348
1098,30,30.1201122592511
1099,72,72.53890349848011
1100,3,3.064966084806565
1101,21,20.98554862153553
1102,64,64.63708151786636
1103,11,11.003603276297175
1104,51,51.0152389462831
1105,1,1.3141449687123736
1106,10,9.979972333776937
1107,9,9.02473200381636
1108,8,8.041328258949278
1109,5,5.044721542111473
1110,15,14.75732317128709
1111,1,1.3141449687123736
1112,803,799.7681003003974
1113,1,1.3141449687123736
1114,98,98.01906184160944
1115,7,7.019258597723146
1116,70,70.23962661206306
1117,14,14.25601835834298
1118,15,14.75732317128709
1119,23,23.01536081052758
1120,13,12.76476609574017
1121,6,6.0107923941516255
1122,29,28.78929874808279
1123,29,28.78929874808279
1124,2,2.116362682466348
1125,7,7.019258597723146
1126,22,21.934516716845927
1127,5,5.044721542111473
1128,59,59.104449641477814
1129,5,5.044721542111473
1130,14,14.25601835834298
1131,6,6.0107923941516255
1132,21,20.98554862153553
1133,13,12.76476609574017
1134,5,5.044721542111473
1135,62,61.7353238657382
1136,4,4.051546283354887
1137,14,14.25601835834298
1138,9,9.02473200381636
1139,11,11.003603276297175
1140,19,18.95087187153055
1141,41,40.38737195524507
1142,5,5.044721542111473
1143,3,3.064966084806565
1144,17,16.701203520855938
1145,16,16.235505907615156
1146,1,1.3141449687123736
1147,16,16.235505907615156
1148,27,27.176484138357733
1149,10,9.979972333776937
1150,9,9.02473200381636
1151,39,38.780736949501076
1152,8,8.041328258949278
1153,2,2.116362682466348
1154,1,1.3141449687123736
1155,9,9.02473200381636
1156,9,9.02473200381636
1157,14,14.25601835834298
1158,1,1.3141449687123736
1159,8,8.041328258949278
1160,7,7.019258597723146
1161,16,16.235505907615156
1162,36,35.58215338558686
1163,26,25.747718991472073
1164,8,8.041328258949278
1165,22,21.934516716845927
1166,2,2.116362682466348
1167,14,14.25601835834298
1168,6,6.0107923941516255
1169,15,14.75732317128709
1170,18,18.181389406305758
1171,56,56.17281675472641
1172,61,61.57995112831817
1173,13,12.76476609574017
1174,7,7.019258597723146
1175,13,12.76476609574017
1176,21,20.98554862153553
1177,5,5.044721542111473
1178,4,4.051546283354887
1179,2,2.116362682466348
1180,70,70.23962661206306
1181,6,6.0107923941516255
1182,3,3.064966084806565
1183,4,4.051546283354887
1184,17,16.701203520855938
1185,39,38.780736949501076
1186,9,9.02473200381636
1187,52,51.517789894271786
1188,4,4.051546283354887
1189,64,64.63708151786636
1190,12,12.07669511065504
1191,15,14.75732317128709
1192,4,4.051546283354887
1193,6,6.0107923941516255
1194,3,3.064966084806565
1195,2,2.116362682466348
1196,32,32.510956445705624
1197,10,9.979972333776937
1198,20,20.283885157438487
1199,10,9.979972333776937
1200,10,9.979972333776937
1201,48,47.446973185579076
1202,21,20.98554862153553
1203,20,20.283885157438487
1204,6,6.0107923941516255
1205,11,11.003603276297175
1206,6,6.0107923941516255
1207,40,40.38737195524507
1208,5,5.044721542111473
1209,2,2.116362682466348
1210,10,9.979972333776937
1211,11,11.003603276297175
1212,49,48.90463156767179
1213,6,6.0107923941516255
1214,45,44.92199981057155
1215,2,2.116362682466348
1216,9,9.02473200381636
1217,1,1.3141449687123736
1218,16,16.235505907615156
1219,46,45.807069636952775
1220,12,12.07669511065504
1221,90,89.45932347639877
1222,5,5.044721542111473
1223,20,20.283885157438487
1224,22,21.934516716845927
1225,20,20.283885157438487
1226,6,6.0107923941516255
1227,17,16.701203520855938
1228,3,3.064966084806565
1229,23,23.01536081052758
1230,20,20.283885157438487
1231,2,2.116362682466348
1232,75,74.15151210271385
1233,5,5.044721542111473
1234,62,61.7353238657382
1235,23,23.01536081052758
1236,21,20.98554862153553
1237,13,12.76476609574017
1238,12,12.07669511065504
1239,6,6.0107923941516255
1240,8,8.041328258949278
1241,53,52.61958260138542
1242,59,59.104449641477814
1243,35,35.21216083192941
1244,4,4.051546283354887
1245,37,37.519673475866085
1246,14,14.25601835834298
1247,35,35.21216083192941
1248,11,11.003603276297175
1249,1,1.3141449687123736
1250,10,9.979972333776937
1251,39,38.780736949501076
1252,5,5.044721542111473
1253,10,9.979972333776937
1254,7,7.019258597723146
1255,49,48.90463156767179
1256,19,18.95087187153055
1257,41,40.38737195524507
1258,18,18.181389406305758
1259,11,11.003603276297175
1260,2,2.116362682466348
1261,13,12.76476609574017
1262,18,18.181389406305758
1263,36,35.58215338558686
1264,3,3.064966084806565
1265,8,8.041328258949278
1266,2,2.116362682466348
1267,6,6.0107923941516255
1268,2,2.116362682466348
1269,35,35.21216083192941
1270,9,9.02473200381636
1271,74,74.11275514126885
1272,13,12.76476609574017
1273,2,2.116362682466348
1274,67,66.68467852724481
1275,43,43.22245475651366
1276,9,9.02473200381636
1277,10,9.979972333776937
1278,18,18.181389406305758
1279,17,16.701203520855938
1280,5,5.044721542111473
1281,43,43.22245475651366
1282,7,7.019258597723146
1283,6,6.0107923941516255
1284,10,9.979972333776937
1285,7,7.019258597723146
1286,2,2.116362682466348
1287,14,14.25601835834298
1288,75,74.15151210271385
1289,17,16.701203520855938
1290,13,12.76476609574017
1291,41,40.38737195524507
1292,31,30.36022801620885
1293,21,20.98554862153553
1294,3,3.064966084806565
1295,24,23.96527661006553
1296,13,12.76476609574017
1297,18,18.181389406305758
1298,2,2.116362682466348
1299,289,288.32263028452064
1300,83,82.76190243779607
1301,73,72.73271502042932
1302,8,8.041328258949278
1303,19,18.95087187153055
1304,5,5.044721542111473
1305,27,27.176484138357733
1306,5,5.044721542111473
1307,3,3.064966084806565
1308,17,16.701203520855938
1309,16,16.235505907615156
1310,1,1.3141449687123736
1311,35,35.21216083192941
1312,49,48.90463156767179
1313,10,9.979972333776937
1314,1,1.3141449687123736
1315,8,8.041328258949278
1316,44,43.997997100625426
1317,12,12.07669511065504
1318,13,12.76476609574017
1319,9,9.02473200381636
1320,21,20.98554862153553
1321,7,7.019258597723146
1322,26,25.747718991472073
1323,9,9.02473200381636
1324,2,2.116362682466348
1325,15,14.75732317128709
1326,8,8.041328258949278
1327,19,18.95087187153055
1328,83,82.76190243779607
1329,21,20.98554862153553
1330,18,18.181389406305758
1331,5,5.044721542111473
1332,13,12.76476609574017
1333,13,12.76476609574017
1334,10,9.979972333776937
1335,39,38.780736949501076
1336,45,44.92199981057155
1337,34,33.15762640364192
1338,7,7.019258597723146
1339,29,28.78929874808279
1340,25,24.970375070073743
1341,39,38.780736949501076
1342,25,24.970375070073743
1343,8,8.041328258949278
1344,17,16.701203520855938
1345,2,2.116362682466348
1346,8,8.041328258949278
1347,19,18.95087187153055
1348,18,18.181389406305758
1349,15,14.75732317128709
1350,60,59.37664498027124
1351,7,7.019258597723146
1352,6,6.0107923941516255
1353,92,91.12089291667426
1354,35,35.21216083192941
1355,22,21.934516716845927
1356,12,12.07669511065504
1357,8,8.041328258949278
1358,19,18.95087187153055
1359,4,4.051546283354887
1360,7,7.019258597723146
1361,1,1.3141449687123736
1362,5,5.044721542111473
1363,14,14.25601835834298
1364,22,21.934516716845927
1365,4,4.051546283354887
1366,3,3.064966084806565
1367,5,5.044721542111473
1368,22,21.934516716845927
1369,10,9.979972333776937
1370,1,1.3141449687123736
1371,10,9.979972333776937
1372,3,3.064966084806565
1373,19,18.95087187153055
1374,59,59.104449641477814
1375,15,14.75732317128709
1376,2,2.116362682466348
1377,14,14.25601835834298
1378,36,35.58215338558686
1379,13,12.76476609574017
1380,4,4.051546283354887
1381,5,5.044721542111473
1382,14,14.25601835834298
1383,31,30.36022801620885
1384,44,43.997997100625426
1385,47,46.99417000238697
1386,7,7.019258597723146
1387,21,20.98554862153553
1388,12,12.07669511065504
1389,71,70.23962661206306
1390,24,23.96527661006553
1391,36,35.58215338558686
1392,18,18.181389406305758
1393,1,1.3141449687123736
1394,4,4.051546283354887
1395,7,7.019258597723146
1396,24,23.96527661006553
1397,7,7.019258597723146
1398,7,7.019258597723146
1399,24,23.96527661006553
1400,35,35.21216083192941
1401,7,7.019258597723146
1402,16,16.235505907615156
1403,3,3.064966084806565
1404,8,8.041328258949278
1405,4,4.051546283354887
1406,16,16.235505907615156
1407,2,2.116362682466348
1408,10,9.979972333776937
1409,3,3.064966084806565
1410,17,16.701203520855938
1411,44,43.997997100625426
1412,3,3.064966084806565
1413,26,25.747718991472073
1414,4,4.051546283354887
1415,16,16.235505907615156
1416,12,12.07669511065504
1417,21,20.98554862153553
1418,2,2.116362682466348
1419,3,3.064966084806565
1420,16,16.235505907615156
1421,9,9.02473200381636
1422,6,6.0107923941516255
1423,14,14.25601835834298
1424,28,27.983996500348503
1425,4,4.051546283354887
1426,8,8.041328258949278
1427,169,166.5623125969156
1428,5,5.044721542111473
1429,7,7.019258597723146
1430,9,9.02473200381636
1431,26,25.747718991472073
1432,1,1.3141449687123736
1433,12,12.07669511065504
1434,13,12.76476609574017
1435,15,14.75732317128709
1436,4,4.051546283354887
1437,5,5.044721542111473
1438,6,6.0107923941516255
1439,48,47.446973185579076
1440,2,2.116362682466348
1441,24,23.96527661006553
1442,13,12.76476609574017
1443,65,64.7211193294363
1444,7,7.019258597723146
1445,5,5.044721542111473
1446,12,12.07669511065504
1447,46,45.807069636952775
1448,5,5.044721542111473
1449,4,4.051546283354887
1450,4,4.051546283354887
1451,2,2.116362682466348
1452,16,16.235505907615156
1453,38,37.8619578973409
1454,25,24.970375070073743
1455,9,9.02473200381636
1456,37,37.519673475866085
1457,32,32.510956445705624
1458,120,119.61606629549053
1459,1,1.3141449687123736
1460,15,14.75732317128709
1461,80,80.37416810710012
1462,16,16.235505907615156
1463,3,3.064966084806565
1464,5,5.044721542111473
1465,23,23.01536081052758
1466,53,52.61958260138542
1467,14,14.25601835834298
1468,8,8.041328258949278
1469,9,9.02473200381636
1470,30,30.1201122592511
1471,50,51.0152389462831
1472,29,28.78929874808279
1473,5,5.044721542111473
1474,17,16.701203520855938
1475,10,9.979972333776937
1476,45,44.92199981057155
1477,17,16.701203520855938
1478,9,9.02473200381636
1479,5,5.044721542111473
1480,7,7.019258597723146
1481,1,1.3141449687123736
1482,7,7.019258597723146
1483,16,16.235505907615156
1484,8,8.041328258949278
1485,14,14.25601835834298
1486,29,28.78929874808279
1487,4,4.051546283354887
1488,2,2.116362682466348
1489,28,27.983996500348503
1490,2,2.116362682466348
1491,15,14.75732317128709
1492,2,2.116362682466348
1493,65,64.7211193294363
1494,3,3.064966084806565
1495,18,18.181389406305758
1496,28,27.983996500348503
1497,3,3.064966084806565
1498,12,12.07669511065504
1499,36,35.58215338558686
1500,6,6.0107923941516255
1501,17,16.701203520855938
1502,217,216.4171898659725
1503,23,23.01536081052758
1504,14,14.25601835834298
1505,8,8.041328258949278
1506,22,21.934516716845927
1507,286,285.50635790887833
1508,21,20.98554862153553
1509,19,18.95087187153055
1510,56,56.17281675472641
1511,49,48.90463156767179
1512,31,30.36022801620885
1513,4,4.051546283354887
1514,30,30.1201122592511
1515,16,16.235505907615156
1516,6,6.0107923941516255
1517,10,9.979972333776937
1518,9,9.02473200381636
1519,10,9.979972333776937
1520,107,104.25178543723041
1521,9,9.02473200381636
1522,9,9.02473200381636
1523,36,35.58215338558686
1524,1,1.3141449687123736
1525,9,9.02473200381636
1526,25,24.970375070073743
1527,3,3.064966084806565
1528,10,9.979972333776937
1529,12,12.07669511065504
1530,13,12.76476609574017
1531,22,21.934516716845927
1532,7,7.019258597723146
1533,32,32.510956445705624
1534,20,20.283885157438487
1535,22,21.934516716845927
1536,18,18.181389406305758
1537,23,23.01536081052758
1538,10,9.979972333776937
1539,2,2.116362682466348
1540,8,8.041328258949278
1541,66,66.22601834105258
1542,6,6.0107923941516255
1543,59,59.104449641477814
1544,45,44.92199981057155
1545,29,28.78929874808279
1546,12,12.07669511065504
1547,17,16.701203520855938
1548,468,467.03964623157543
1549,1,1.3141449687123736
1550,119,119.16568517887853
1551,43,43.22245475651366
1552,30,30.1201122592511
1553,29,28.78929874808279
1554,23,23.01536081052758
1555,1,1.3141449687123736
1556,5,5.044721542111473
1557,3,3.064966084806565
1558,2,2.116362682466348
1559,24,23.96527661006553
1560,79,78.73780717040692
1561,48,47.446973185579076
1562,73,72.73271502042932
1563,38,37.8619578973409
1564,88,87.11166484451847
1565,19,18.95087187153055
1566,18,18.181389406305758
1567,9,9.02473200381636
1568,1,1.3141449687123736
1569,25,24.970375070073743
1570,6,6.0107923941516255
1571,11,11.003603276297175
1572,87,87.11166484451847
1573,12,12.07669511065504
1574,5,5.044721542111473
1575,14,14.25601835834298
1576,51,51.0152389462831
1577,17,16.701203520855938
1578,6,6.0107923941516255
1579,4,4.051546283354887
1580,15,14.75732317128709
1581,18,18.181389406305758
1582,22,21.934516716845927
1583,5,5.044721542111473
1584,21,20.98554862153553
1585,189,188.2290229598371
1586,45,44.92199981057155
1587,8,8.041328258949278
1588,15,14.75732317128709
1589,5,5.044721542111473
1590,17,16.701203520855938
1591,12,12.07669511065504
1592,10,9.979972333776937
1593,26,25.747718991472073
1594,20,20.283885157438487
1595,65,64.7211193294363
1596,15,14.75732317128709
1597,6,6.0107923941516255
1598,6,6.0107923941516255
1599,11,11.003603276297175
1600,2,2.116362682466348
1601,44,43.997997100625426
1602,3,3.064966084806565
1603,10,9.979972333776937
1604,52,51.517789894271786
1605,4,4.051546283354887
1606,11,11.003603276297175
1607,16,16.235505907615156
1608,140,142.03561291456475
1609,6,6.0107923941516255
1610,6,6.0107923941516255
1611,3,3.064966084806565
1612,194,196.00979469019046
1613,8,8.041328258949278
1614,6,6.0107923941516255
1615,4,4.051546283354887
1616,3,3.064966084806565
1617,196,196.00979469019046
1618,6,6.0107923941516255
1619,1,1.3141449687123736
1620,11,11.003603276297175
1621,4,4.051546283354887
1622,3,3.064966084806565
1623,108,108.68191805909751
1624,32,32.510956445705624
1625,5,5.044721542111473
1626,53,52.61958260138542
1627,58,59.104449641477814
1628,4,4.051546283354887
1629,19,18.95087187153055
1630,11,11.003603276297175
1631,11,11.003603276297175
1632,206,205.5862704010662
1633,4,4.051546283354887
1634,75,74.15151210271385
1635,11,11.003603276297175
1636,13,12.76476609574017
1637,25,24.970375070073743
1638,6,6.0107923941516255
1639,8,8.041328258949278
1640,5,5.044721542111473
1641,10,9.979972333776937
1642,44,43.997997100625426
1643,13,12.76476609574017
1644,3,3.064966084806565
1645,7,7.019258597723146
1646,4,4.051546283354887
1647,38,37.8619578973409
1648,44,43.997997100625426
1649,10,9.979972333776937
1650,7,7.019258597723146
1651,7,7.019258597723146
1652,1,1.3141449687123736
1653,4,4.051546283354887
1654,6,6.0107923941516255
1655,62,61.7353238657382
1656,33,32.93786308144648
1657,12,12.07669511065504
1658,25,24.970375070073743
1659,10,9.979972333776937
1660,59,59.104449641477814
1661,14,14.25601835834298
1662,77,76.49347380147768
1663,2,2.116362682466348
1664,15,14.75732317128709
1665,22,21.934516716845927
1666,1,1.3141449687123736
1667,127,125.50817655927621
1668,4,4.051546283354887
1669,35,35.21216083192941
1670,3,3.064966084806565
1671,21,20.98554862153553
1672,45,44.92199981057155
1673,10,9.979972333776937
1674,190,188.2290229598371
1675,12,12.07669511065504
1676,63,61.7353238657382
1677,9,9.02473200381636
1678,21,20.98554862153553
1679,9,9.02473200381636
1680,20,20.283885157438487
1681,3,3.064966084806565
1682,13,12.76476609574017
1683,27,27.176484138357733
1684,11,11.003603276297175
1685,61,61.57995112831817
1686,33,32.93786308144648
1687,17,16.701203520855938
1688,7,7.019258597723146
1689,6,6.0107923941516255
1690,31,30.36022801620885
1691,5,5.044721542111473
1692,19,18.95087187153055
1693,81,80.4294938522873
1694,4,4.051546283354887
1695,103,103.37687907580761
1696,7,7.019258597723146
1697,23,23.01536081052758
1698,108,108.68191805909751
1699,6,6.0107923941516255
1700,2,2.116362682466348
1701,21,20.98554862153553
1702,3,3.064966084806565
1703,65,64.7211193294363
1704,7,7.019258597723146
1705,5,5.044721542111473
1706,77,76.49347380147768
1707,62,61.7353238657382
1708,13,12.76476609574017
1709,12,12.07669511065504
1710,3,3.064966084806565
1711,5,5.044721542111473
1712,9,9.02473200381636
1713,52,51.517789894271786
1714,3,3.064966084806565
1715,55,55.19078685623226
1716,4,4.051546283354887
1717,26,25.747718991472073
1718,17,16.701203520855938
1719,15,14.75732317128709
1720,33,32.93786308144648
1721,33,32.93786308144648
1722,6,6.0107923941516255
1723,9,9.02473200381636
1724,36,35.58215338558686
1725,8,8.041328258949278
1726,24,23.96527661006553
1727,24,23.96527661006553
1728,3,3.064966084806565
1729,27,27.176484138357733
1730,12,12.07669511065504
1731,21,20.98554862153553
1732,28,27.983996500348503
1733,6,6.0107923941516255
1734,27,27.176484138357733
1735,16,16.235505907615156
1736,16,16.235505907615156
1737,6,6.0107923941516255
1738,12,12.07669511065504
1739,3,3.064966084806565
1740,82,82.36773016615474
1741,12,12.07669511065504
1742,67,66.68467852724481
1743,7,7.019258597723146
1744,19,18.95087187153055
1745,41,40.38737195524507
1746,23,23.01536081052758
1747,11,11.003603276297175
1748,4,4.051546283354887
1749,26,25.747718991472073
1750,17,16.701203520855938
1751,1,1.3141449687123736
1752,3,3.064966084806565
1753,1,1.3141449687123736
1754,54,53.78257988109035
1755,1,1.3141449687123736
1756,3,3.064966084806565
1757,3,3.064966084806565
1758,2,2.116362682466348
1759,8,8.041328258949278
1760,10,9.979972333776937
1761,14,14.25601835834298
1762,13,12.76476609574017
1763,12,12.07669511065504
1764,112,111.60403561709742
1765,32,32.510956445705624
1766,30,30.1201122592511
1767,15,14.75732317128709
1768,35,35.21216083192941
1769,2,2.116362682466348
1770,7,7.019258597723146
1771,93,91.12089291667426
1772,30,30.1201122592511
1773,28,27.983996500348503
1774,49,48.90463156767179
1775,15,14.75732317128709
1776,15,14.75732317128709
1777,12,12.07669511065504
1778,14,14.25601835834298
1779,1,1.3141449687123736
1780,26,25.747718991472073
1781,26,25.747718991472073
1782,27,27.176484138357733
1783,5,5.044721542111473
1784,40,40.38737195524507
1785,48,47.446973185579076
1786,10,9.979972333776937
1787,9,9.02473200381636
1788,12,12.07669511065504
1789,86,87.11166484451847
1790,1,1.3141449687123736
1791,47,46.99417000238697
1792,18,18.181389406305758
1793,9,9.02473200381636
1794,24,23.96527661006553
1795,6,6.0107923941516255
1796,24,23.96527661006553
1797,47,46.99417000238697
1798,29,28.78929874808279
1799,12,12.07669511065504
1800,33,32.93786308144648
1801,8,8.041328258949278
1802,21,20.98554862153553
1803,7,7.019258597723146
1804,20,20.283885157438487
1805,9,9.02473200381636
1806,31,30.36022801620885
1807,4,4.051546283354887
1808,1,1.3141449687123736
1809,8,8.041328258949278
1810,44,43.997997100625426
1811,2,2.116362682466348
1812,56,56.17281675472641
1813,69,69.45819655367079
1814,62,61.7353238657382
1815,156,155.74504503198807
1816,11,11.003603276297175
1817,7,7.019258597723146
1818,59,59.104449641477814
1819,1,1.3141449687123736
1820,2,2.116362682466348
1821,5,5.044721542111473
1822,9,9.02473200381636
1823,10,9.979972333776937
1824,41,40.38737195524507
1825,32,32.510956445705624
1826,9,9.02473200381636
1827,81,80.4294938522873
1828,35,35.21216083192941
1829,23,23.01536081052758
1830,13,12.76476609574017
1831,39,38.780736949501076
1832,2,2.116362682466348
1833,9,9.02473200381636
1834,28,27.983996500348503
1835,9,9.02473200381636
1836,3,3.064966084806565
1837,24,23.96527661006553
1838,6,6.0107923941516255
1839,9,9.02473200381636
1840,21,20.98554862153553
1841,41,40.38737195524507
1842,34,33.15762640364192
1843,4,4.051546283354887
1844,6,6.0107923941516255
1845,4,4.051546283354887
1846,46,45.807069636952775
1847,18,18.181389406305758
1848,9,9.02473200381636
1849,7,7.019258597723146
1850,3,3.064966084806565
1851,13,12.76476609574017
1852,13,12.76476609574017
1853,137,136.68597846377605
1854,3,3.064966084806565
1855,10,9.979972333776937
1856,9,9.02473200381636
1857,4,4.051546283354887
1858,3,3.064966084806565
1859,11,11.003603276297175
1860,7,7.019258597723146
1861,13,12.76476609574017
1862,2,2.116362682466348
1863,13,12.76476609574017
1864,37,37.519673475866085
1865,2,2.116362682466348
1866,5,5.044721542111473
1867,1,1.3141449687123736
1868,1,1.3141449687123736
1869,68,66.68467852724481
1870,13,12.76476609574017
1871,12,12.07669511065504
1872,35,35.21216083192941
1873,64,64.63708151786636
1874,4,4.051546283354887
1875,59,59.104449641477814
1876,9,9.02473200381636
1877,7,7.019258597723146
1878,19,18.95087187153055
1879,88,87.11166484451847
1880,21,20.98554862153553
1881,13,12.76476609574017
1882,2,2.116362682466348
1883,15,14.75732317128709
1884,17,16.701203520855938
1885,2,2.116362682466348
1886,44,43.997997100625426
1887,16,16.235505907615156
1888,6,6.0107923941516255
1889,11,11.003603276297175
1890,39,38.780736949501076
1891,1,1.3141449687123736
1892,4,4.051546283354887
1893,80,80.37416810710012
1894,30,30.1201122592511
1895,2,2.116362682466348
1896,2,2.116362682466348
1897,3,3.064966084806565
1898,21,20.98554862153553
1899,18,18.181389406305758
1900,17,16.701203520855938
1901,21,20.98554862153553
1902,28,27.983996500348503
1903,4,4.051546283354887
1904,56,56.17281675472641
1905,4,4.051546283354887
1906,19,18.95087187153055
1907,6,6.0107923941516255
1908,6,6.0107923941516255
1909,10,9.979972333776937
1910,13,12.76476609574017
1911,55,55.19078685623226
1912,47,46.99417000238697
1913,2,2.116362682466348
1914,159,160.77859781432696
1915,21,20.98554862153553
1916,28,27.983996500348503
1917,14,14.25601835834298
1918,26,25.747718991472073
1919,16,16.235505907615156
1920,119,119.16568517887853
1921,52,51.517789894271786
1922,20,20.283885157438487
1923,11,11.003603276297175
1924,14,14.25601835834298
1925,160,160.77859781432696
1926,19,18.95087187153055
1927,4,4.051546283354887
1928,16,16.235505907615156
1929,5,5.044721542111473
1930,42,42.27102688515584
1931,119,119.16568517887853
1932,2,2.116362682466348
1933,3,3.064966084806565
1934,2,2.116362682466348
1935,17,16.701203520855938
1936,3,3.064966084806565
1937,23,23.01536081052758
1938,5,5.044721542111473
1939,11,11.003603276297175
1940,30,30.1201122592511
1941,2,2.116362682466348
1942,61,61.57995112831817
1943,2,2.116362682466348
1944,5,5.044721542111473
1945,15,14.75732317128709
1946,18,18.181389406305758
1947,15,14.75732317128709
1948,30,30.1201122592511
1949,5,5.044721542111473
1950,30,30.1201122592511
1951,6,6.0107923941516255
1952,6,6.0107923941516255
1953,22,21.934516716845927
1954,29,28.78929874808279
1955,4,4.051546283354887
1956,20,20.283885157438487
1957,36,35.58215338558686
1958,16,16.235505907615156
1959,7,7.019258597723146
1960,3,3.064966084806565
1961,32,32.510956445705624
1962,1,1.3141449687123736
1963,48,47.446973185579076
1964,15,14.75732317128709
1965,51,51.0152389462831
1966,8,8.041328258949278
1967,7,7.019258597723146
1968,28,27.983996500348503
1969,5,5.044721542111473
1970,103,103.37687907580761
1971,11,11.003603276297175
1972,36,35.58215338558686
1973,5,5.044721542111473
1974,18,18.181389406305758
1975,3,3.064966084806565
1976,62,61.7353238657382
1977,14,14.25601835834298
1978,5,5.044721542111473
1979,11,11.003603276297175
1980,19,18.95087187153055
1981,9,9.02473200381636
1982,11,11.003603276297175
1983,1,1.3141449687123736
1984,6,6.0107923941516255
1985,5,5.044721542111473
1986,29,28.78929874808279
1987,55,55.19078685623226
1988,31,30.36022801620885
1989,35,35.21216083192941
1990,11,11.003603276297175
1991,10,9.979972333776937
1992,8,8.041328258949278
1993,6,6.0107923941516255
1994,9,9.02473200381636
1995,22,21.934516716845927
1996,19,18.95087187153055
1997,7,7.019258597723146
1998,26,25.747718991472073
1999,2,2.116362682466348
2000,16,16.235505907615156
2001,2,2.116362682466348
2002,11,11.003603276297175
2003,53,52.61958260138542
2004,14,14.25601835834298
2005,10,9.979972333776937
2006,1,1.3141449687123736
2007,12,12.07669511065504
2008,53,52.61958260138542
2009,28,27.983996500348503
2010,401,400.2283234830451
2011,11,11.003603276297175
2012,8,8.041328258949278
2013,29,28.78929874808279
2014,13,12.76476609574017
2015,21,20.98554862153553
2016,42,42.27102688515584
2017,72,72.53890349848011
2018,6,6.0107923941516255
2019,4,4.051546283354887
2020,8,8.041328258949278
2021,173,176.06384869522591
2022,5,5.044721542111473
2023,67,66.68467852724481
2024,23,23.01536081052758
2025,47,46.99417000238697
2026,28,27.983996500348503
2027,1,1.3141449687123736
2028,7,7.019258597723146
2029,6,6.0107923941516255
2030,19,18.95087187153055
2031,11,11.003603276297175
2032,5,5.044721542111473
2033,11,11.003603276297175
2034,57,56.17281675472641
2035,3,3.064966084806565
2036,34,33.15762640364192
2037,38,37.8619578973409
2038,9,9.02473200381636
2039,48,47.446973185579076
2040,18,18.181389406305758
2041,15,14.75732317128709
2042,57,56.17281675472641
2043,3,3.064966084806565
2044,2,2.116362682466348
2045,21,20.98554862153553
2046,70,70.23962661206306
2047,25,24.970375070073743
2048,10,9.979972333776937
2049,62,61.7353238657382
2050,24,23.96527661006553
2051,14,14.25601835834298
2052,3,3.064966084806565
2053,9,9.02473200381636
2054,29,28.78929874808279
2055,5,5.044721542111473
2056,10,9.979972333776937
2057,74,74.11275514126885
2058,3,3.064966084806565
2059,28,27.983996500348503
2060,3,3.064966084806565
2061,25,24.970375070073743
2062,19,18.95087187153055
2063,8,8.041328258949278
2064,9,9.02473200381636
2065,10,9.979972333776937
2066,14,14.25601835834298
2067,28,27.983996500348503
2068,5,5.044721542111473
2069,31,30.36022801620885
2070,30,30.1201122592511
2071,3,3.064966084806565
2072,22,21.934516716845927
2073,1,1.3141449687123736
2074,22,21.934516716845927
2075,11,11.003603276297175
2076,3,3.064966084806565
2077,19,18.95087187153055
2078,6,6.0107923941516255
2079,55,55.19078685623226
2080,3,3.064966084806565
2081,30,30.1201122592511
2082,1,1.3141449687123736
2083,1,1.3141449687123736
2084,31,30.36022801620885
2085,63,61.7353238657382
2086,11,11.003603276297175
2087,39,38.780736949501076
2088,3,3.064966084806565
2089,10,9.979972333776937
2090,14,14.25601835834298
2091,13,12.76476609574017
2092,69,69.45819655367079
2093,1,1.3141449687123736
2094,22,21.934516716845927
2095,49,48.90463156767179
2096,4,4.051546283354887
2097,7,7.019258597723146
2098,11,11.003603276297175
2099,5,5.044721542111473
2100,33,32.93786308144648
2101,13,12.76476609574017
2102,2,2.116362682466348
2103,17,16.701203520855938
2104,36,35.58215338558686
2105,48,47.446973185579076
2106,95,96.22980978003643
2107,24,23.96527661006553
2108,47,46.99417000238697
2109,11,11.003603276297175
2110,29,28.78929874808279
2111,4,4.051546283354887
2112,5,5.044721542111473
2113,7,7.019258597723146
2114,11,11.003603276297175
2115,13,12.76476609574017
2116,21,20.98554862153553
2117,8,8.041328258949278
2118,6,6.0107923941516255
2119,3,3.064966084806565
2120,45,44.92199981057155
2121,7,7.019258597723146
2122,118,117.18507528976278
2123,30,30.1201122592511
2124,26,25.747718991472073
2125,15,14.75732317128709
2126,22,21.934516716845927
2127,24,23.96527661006553
2128,6,6.0107923941516255
2129,9,9.02473200381636
2130,9,9.02473200381636
2131,168,166.5623125969156
2132,47,46.99417000238697
2133,52,51.517789894271786
2134,10,9.979972333776937
2135,16,16.235505907615156
2136,1,1.3141449687123736
2137,16,16.235505907615156
2138,11,11.003603276297175
2139,1,1.3141449687123736
2140,7,7.019258597723146
2141,1,1.3141449687123736
2142,7,7.019258597723146
2143,1,1.3141449687123736
2144,36,35.58215338558686
2145,19,18.95087187153055
2146,17,16.701203520855938
2147,48,47.446973185579076
2148,157,156.0234147994354
2149,50,51.0152389462831
2150,34,33.15762640364192
2151,3,3.064966084806565
2152,16,16.235505907615156
2153,19,18.95087187153055
2154,3,3.064966084806565
2155,5,5.044721542111473
2156,11,11.003603276297175
2157,7,7.019258597723146
2158,5,5.044721542111473
2159,4,4.051546283354887
2160,40,40.38737195524507
2161,47,46.99417000238697
2162,84,84.0927734391949
2163,9,9.02473200381636
2164,11,11.003603276297175
2165,6,6.0107923941516255
2166,4,4.051546283354887
2167,2,2.116362682466348
2168,18,18.181389406305758
2169,14,14.25601835834298
2170,8,8.041328258949278
2171,151,151.18571862139325
2172,5,5.044721542111473
2173,42,42.27102688515584
2174,65,64.7211193294363
2175,5,5.044721542111473
2176,1,1.3141449687123736
2177,5,5.044721542111473
2178,11,11.003603276297175
2179,2,2.116362682466348
2180,16,16.235505907615156
2181,1,1.3141449687123736
2182,12,12.07669511065504
2183,12,12.07669511065504
2184,65,64.7211193294363
2185,16,16.235505907615156
2186,16,16.235505907615156
2187,7,7.019258597723146
2188,4,4.051546283354887
2189,8,8.041328258949278
2190,1,1.3141449687123736
2191,113,111.60403561709742
2192,22,21.934516716845927
2193,19,18.95087187153055
2194,15,14.75732317128709
2195,13,12.76476609574017
2196,29,28.78929874808279
2197,7,7.019258597723146
2198,18,18.181389406305758
2199,5,5.044721542111473
2200,3,3.064966084806565
2201,15,14.75732317128709
2202,7,7.019258597723146
2203,34,33.15762640364192
2204,12,12.07669511065504
2205,22,21.934516716845927
2206,1,1.3141449687123736
2207,27,27.176484138357733
2208,2,2.116362682466348
2209,9,9.02473200381636
2210,12,12.07669511065504
2211,137,136.68597846377605
2212,23,23.01536081052758
2213,17,16.701203520855938
2214,11,11.003603276297175
2215,27,27.176484138357733
2216,11,11.003603276297175
2217,8,8.041328258949278
2218,8,8.041328258949278
2219,4,4.051546283354887
2220,17,16.701203520855938
2221,3,3.064966084806565
2222,14,14.25601835834298
2223,14,14.25601835834298
2224,7,7.019258597723146
2225,48,47.446973185579076
2226,11,11.003603276297175
2227,9,9.02473200381636
2228,110,108.68191805909751
2229,2,2.116362682466348
2230,80,80.37416810710012
2231,16,16.235505907615156
2232,22,21.934516716845927
2233,14,14.25601835834298
2234,21,20.98554862153553
2235,30,30.1201122592511
2236,4,4.051546283354887
2237,21,20.98554862153553
2238,7,7.019258597723146
2239,6,6.0107923941516255
2240,20,20.283885157438487
2241,3,3.064966084806565
2242,23,23.01536081052758
2243,11,11.003603276297175
2244,35,35.21216083192941
2245,36,35.58215338558686
2246,9,9.02473200381636
2247,9,9.02473200381636
2248,2,2.116362682466348
2249,10,9.979972333776937
2250,8,8.041328258949278
2251,20,20.283885157438487
2252,6,6.0107923941516255
2253,7,7.019258597723146
2254,1,1.3141449687123736
2255,16,16.235505907615156
2256,25,24.970375070073743
2257,51,51.0152389462831
2258,267,266.55692591419717
2259,4,4.051546283354887
2260,7,7.019258597723146
2261,29,28.78929874808279
2262,30,30.1201122592511
2263,4,4.051546283354887
2264,25,24.970375070073743
2265,4,4.051546283354887
2266,14,14.25601835834298
2267,2,2.116362682466348
2268,29,28.78929874808279
2269,6,6.0107923941516255
2270,6,6.0107923941516255
2271,8,8.041328258949278
2272,18,18.181389406305758
2273,4,4.051546283354887
2274,3,3.064966084806565
2275,24,23.96527661006553
2276,21,20.98554862153553
2277,5,5.044721542111473
2278,38,37.8619578973409
2279,1,1.3141449687123736
2280,28,27.983996500348503
2281,2,2.116362682466348
2282,10,9.979972333776937
2283,2,2.116362682466348
2284,60,59.37664498027124
2285,2,2.116362682466348
2286,8,8.041328258949278
2287,50,51.0152389462831
2288,121,120.91177343182623
2289,6,6.0107923941516255
2290,6,6.0107923941516255
2291,23,23.01536081052758
2292,6,6.0107923941516255
2293,30,30.1201122592511
2294,25,24.970375070073743
2295,26,25.747718991472073
2296,16,16.235505907615156
2297,25,24.970375070073743
2298,4,4.051546283354887
2299,42,42.27102688515584
2300,8,8.041328258949278
2301,9,9.02473200381636
2302,4,4.051546283354887
2303,17,16.701203520855938
2304,2,2.116362682466348
2305,51,51.0152389462831
2306,3,3.064966084806565
2307,8,8.041328258949278
2308,5,5.044721542111473
2309,18,18.181389406305758
2310,7,7.019258597723146
2311,11,11.003603276297175
2312,3,3.064966084806565
2313,83,82.76190243779607
