,Bagging_sales,DecisionTree_sales,GradientBoosting_sales,RandomForest_sales,RandomForestQuantileRegressor_sales
0,12.0,7.0,13.0,12.0,13.0
1,3.0,2.0,3.0,3.0,3.0
2,19.0,4.0,0.0,19.0,19.0
3,30.0,23.0,12.0,30.0,29.0
4,29.0,27.0,22.0,30.0,31.0
5,23.0,12.0,24.0,22.0,22.0
6,29.0,18.0,32.0,29.0,29.0
7,32.0,52.0,30.0,31.0,34.0
8,3.0,3.0,0.0,3.0,3.0
9,1.0,1.0,3.0,3.0,1.0
10,3.0,8.0,2.0,3.0,3.0
11,4.0,8.0,8.0,4.0,4.0
12,15.0,18.0,10.0,15.0,15.0
13,72.0,59.0,65.0,71.0,70.0
14,50.0,23.0,65.0,50.0,50.0
15,18.0,8.0,13.0,18.0,17.0
16,3.0,3.0,3.0,3.0,3.0
17,3.0,4.0,4.0,4.0,3.0
18,6.0,9.0,6.0,5.0,6.0
19,21.0,16.0,24.0,21.0,21.0
20,8.0,12.0,11.0,8.0,8.0
21,7.0,9.0,0.0,8.0,7.0
22,11.0,8.0,15.0,11.0,11.0
23,7.0,4.0,3.0,7.0,8.0
24,19.0,25.0,19.0,18.0,18.0
25,3.0,8.0,0.0,4.0,3.0
26,32.0,28.0,31.0,31.0,32.0
27,6.0,8.0,13.0,6.0,6.0
28,6.0,3.0,3.0,5.0,6.0
29,12.0,16.0,7.0,12.0,13.0
30,46.0,16.0,55.0,46.0,46.0
31,6.0,6.0,3.0,6.0,7.0
32,31.0,18.0,25.0,30.0,32.0
33,36.0,20.0,38.0,37.0,37.0
34,75.0,85.0,95.0,74.0,78.0
35,4.0,6.0,3.0,4.0,4.0
36,6.0,5.0,6.0,7.0,6.0
37,6.0,3.0,2.0,6.0,6.0
38,31.0,26.0,39.0,31.0,31.0
39,12.0,22.0,10.0,12.0,12.0
40,15.0,21.0,4.0,15.0,14.0
41,10.0,4.0,11.0,9.0,10.0
42,51.0,48.0,40.0,51.0,51.0
43,81.0,64.0,61.0,82.0,83.0
44,50.0,53.0,30.0,49.0,44.0
45,30.0,51.0,35.0,29.0,28.0
46,12.0,10.0,12.0,11.0,12.0
47,20.0,22.0,20.0,19.0,20.0
48,5.0,4.0,6.0,5.0,5.0
49,16.0,9.0,15.0,15.0,14.0
50,46.0,48.0,34.0,46.0,45.0
51,58.0,30.0,52.0,59.0,57.0
52,33.0,21.0,31.0,32.0,34.0
53,13.0,26.0,14.0,13.0,13.0
54,31.0,23.0,19.0,30.0,30.0
55,4.0,4.0,0.0,3.0,4.0
56,3.0,4.0,5.0,3.0,4.0
57,13.0,11.0,15.0,13.0,12.0
58,8.0,4.0,7.0,8.0,8.0
59,66.0,103.0,56.0,66.0,63.0
60,23.0,18.0,32.0,23.0,24.0
61,22.0,19.0,9.0,21.0,21.0
62,4.0,3.0,4.0,4.0,4.0
63,8.0,24.0,7.0,8.0,8.0
64,87.0,116.0,67.0,88.0,94.0
65,2.0,1.0,33.0,3.0,2.0
66,9.0,7.0,11.0,9.0,9.0
67,9.0,8.0,11.0,8.0,9.0
68,68.0,63.0,63.0,67.0,68.0
69,18.0,13.0,15.0,17.0,17.0
70,22.0,15.0,29.0,21.0,22.0
71,18.0,14.0,11.0,18.0,18.0
72,6.0,5.0,6.0,5.0,6.0
73,221.0,293.0,152.0,224.0,206.0
74,37.0,16.0,35.0,37.0,38.0
75,3.0,3.0,0.0,3.0,3.0
76,18.0,14.0,23.0,18.0,18.0
77,37.0,34.0,40.0,37.0,40.0
78,42.0,21.0,26.0,43.0,41.0
79,2.0,1.0,3.0,3.0,2.0
80,51.0,50.0,40.0,49.0,49.0
81,23.0,8.0,23.0,23.0,21.0
82,22.0,25.0,25.0,22.0,24.0
83,3.0,2.0,1.0,4.0,3.0
84,4.0,2.0,1.0,3.0,3.0
85,38.0,17.0,39.0,38.0,41.0
86,17.0,18.0,30.0,16.0,18.0
87,38.0,30.0,33.0,38.0,39.0
88,29.0,41.0,26.0,28.0,29.0
89,12.0,12.0,16.0,13.0,13.0
90,4.0,5.0,0.0,4.0,4.0
91,12.0,16.0,7.0,12.0,11.0
92,3.0,3.0,1.0,3.0,3.0
93,51.0,42.0,45.0,50.0,46.0
94,35.0,46.0,38.0,35.0,35.0
95,10.0,9.0,13.0,10.0,9.0
96,2.0,1.0,3.0,3.0,3.0
97,4.0,4.0,0.0,5.0,5.0
98,121.0,84.0,118.0,120.0,118.0
99,46.0,41.0,53.0,45.0,55.0
100,4.0,3.0,1.0,4.0,4.0
101,15.0,26.0,10.0,15.0,14.0
102,41.0,30.0,23.0,43.0,40.0
103,4.0,4.0,4.0,4.0,4.0
104,23.0,12.0,16.0,23.0,24.0
105,11.0,6.0,9.0,11.0,11.0
106,35.0,30.0,25.0,35.0,34.0
107,16.0,18.0,14.0,15.0,15.0
108,17.0,18.0,20.0,16.0,17.0
109,3.0,2.0,6.0,3.0,3.0
110,81.0,88.0,55.0,80.0,82.0
111,75.0,66.0,54.0,76.0,77.0
112,24.0,28.0,24.0,24.0,24.0
113,11.0,16.0,23.0,11.0,11.0
114,49.0,76.0,58.0,49.0,54.0
115,47.0,44.0,45.0,47.0,42.0
116,6.0,5.0,3.0,6.0,7.0
117,113.0,108.0,111.0,113.0,117.0
118,8.0,4.0,9.0,7.0,6.0
119,6.0,4.0,5.0,6.0,6.0
120,7.0,10.0,4.0,7.0,8.0
121,3.0,2.0,1.0,3.0,3.0
122,15.0,7.0,13.0,14.0,15.0
123,47.0,52.0,63.0,48.0,45.0
124,36.0,16.0,4.0,36.0,38.0
125,27.0,9.0,33.0,27.0,26.0
126,43.0,27.0,29.0,43.0,40.0
127,7.0,6.0,1.0,7.0,8.0
128,21.0,9.0,30.0,21.0,21.0
129,84.0,30.0,58.0,83.0,81.0
130,9.0,8.0,15.0,9.0,9.0
131,25.0,26.0,24.0,24.0,23.0
132,12.0,21.0,11.0,12.0,11.0
133,92.0,64.0,87.0,91.0,97.0
134,10.0,12.0,10.0,9.0,10.0
135,31.0,31.0,33.0,31.0,30.0
136,5.0,3.0,9.0,4.0,5.0
137,8.0,3.0,3.0,9.0,9.0
138,43.0,23.0,43.0,42.0,44.0
139,36.0,30.0,40.0,36.0,34.0
140,15.0,18.0,18.0,14.0,16.0
141,18.0,11.0,13.0,18.0,16.0
142,15.0,13.0,7.0,15.0,16.0
143,4.0,4.0,4.0,4.0,4.0
144,24.0,24.0,29.0,24.0,25.0
145,50.0,57.0,73.0,50.0,48.0
146,16.0,14.0,13.0,16.0,18.0
147,2.0,1.0,0.0,3.0,2.0
148,7.0,3.0,7.0,6.0,7.0
149,31.0,16.0,56.0,30.0,29.0
150,4.0,3.0,2.0,3.0,4.0
151,8.0,8.0,5.0,9.0,8.0
152,52.0,50.0,46.0,53.0,49.0
153,88.0,169.0,65.0,87.0,90.0
154,4.0,3.0,0.0,4.0,5.0
155,16.0,18.0,12.0,15.0,16.0
156,12.0,3.0,10.0,11.0,12.0
157,4.0,3.0,2.0,3.0,4.0
158,5.0,4.0,5.0,4.0,6.0
159,9.0,3.0,4.0,9.0,8.0
160,21.0,28.0,16.0,21.0,22.0
161,12.0,8.0,16.0,12.0,11.0
162,3.0,4.0,0.0,3.0,3.0
163,6.0,12.0,10.0,6.0,6.0
164,30.0,16.0,14.0,30.0,28.0
165,8.0,12.0,1.0,9.0,9.0
166,6.0,4.0,8.0,5.0,6.0
167,15.0,6.0,22.0,13.0,18.0
168,4.0,2.0,2.0,3.0,4.0
169,6.0,6.0,3.0,6.0,6.0
170,21.0,33.0,22.0,21.0,20.0
171,68.0,121.0,51.0,68.0,66.0
172,21.0,16.0,15.0,21.0,20.0
173,17.0,16.0,14.0,17.0,18.0
174,13.0,15.0,13.0,12.0,12.0
175,3.0,2.0,4.0,3.0,3.0
176,55.0,72.0,67.0,54.0,48.0
177,28.0,15.0,57.0,28.0,26.0
178,30.0,37.0,18.0,30.0,32.0
179,7.0,5.0,5.0,6.0,7.0
180,6.0,3.0,3.0,6.0,6.0
181,13.0,7.0,12.0,13.0,13.0
182,91.0,85.0,122.0,91.0,89.0
183,113.0,46.0,108.0,114.0,106.0
184,2.0,1.0,0.0,3.0,2.0
185,13.0,7.0,16.0,12.0,13.0
186,3.0,2.0,2.0,4.0,3.0
187,31.0,24.0,35.0,31.0,31.0
188,40.0,38.0,34.0,40.0,44.0
189,25.0,16.0,29.0,26.0,25.0
190,63.0,48.0,44.0,63.0,64.0
191,2.0,2.0,14.0,3.0,2.0
192,11.0,10.0,12.0,10.0,12.0
193,4.0,2.0,1.0,4.0,4.0
194,2.0,1.0,2.0,3.0,2.0
195,7.0,5.0,6.0,7.0,7.0
196,9.0,8.0,8.0,8.0,8.0
197,34.0,21.0,23.0,34.0,34.0
198,11.0,3.0,21.0,10.0,10.0
199,11.0,7.0,7.0,11.0,12.0
200,26.0,35.0,11.0,25.0,24.0
201,4.0,3.0,7.0,4.0,4.0
202,30.0,45.0,44.0,30.0,31.0
203,34.0,27.0,34.0,35.0,33.0
204,39.0,36.0,35.0,38.0,38.0
205,43.0,23.0,38.0,43.0,42.0
206,18.0,4.0,13.0,18.0,19.0
207,5.0,5.0,5.0,5.0,5.0
208,28.0,17.0,19.0,28.0,28.0
209,42.0,82.0,31.0,41.0,37.0
210,13.0,16.0,12.0,13.0,13.0
211,6.0,5.0,4.0,6.0,7.0
212,3.0,3.0,0.0,4.0,4.0
213,13.0,9.0,5.0,12.0,11.0
214,11.0,7.0,13.0,12.0,11.0
215,93.0,121.0,84.0,92.0,85.0
216,69.0,71.0,68.0,70.0,64.0
217,12.0,8.0,15.0,12.0,11.0
218,74.0,52.0,74.0,74.0,75.0
219,6.0,8.0,0.0,5.0,6.0
220,31.0,21.0,27.0,30.0,34.0
221,3.0,2.0,3.0,3.0,3.0
222,37.0,26.0,35.0,36.0,38.0
223,35.0,36.0,34.0,35.0,38.0
224,15.0,23.0,6.0,14.0,14.0
225,121.0,131.0,117.0,118.0,126.0
226,22.0,14.0,13.0,21.0,21.0
227,7.0,5.0,9.0,6.0,8.0
228,26.0,22.0,28.0,26.0,28.0
229,2.0,1.0,3.0,3.0,2.0
230,3.0,2.0,0.0,4.0,3.0
231,23.0,21.0,18.0,22.0,22.0
232,15.0,5.0,19.0,15.0,18.0
233,11.0,8.0,17.0,10.0,10.0
234,7.0,8.0,9.0,6.0,7.0
235,8.0,5.0,10.0,7.0,8.0
236,2.0,2.0,0.0,3.0,2.0
237,24.0,21.0,27.0,24.0,25.0
238,26.0,47.0,24.0,27.0,26.0
239,21.0,30.0,20.0,20.0,21.0
240,46.0,103.0,36.0,44.0,45.0
241,3.0,3.0,3.0,3.0,3.0
242,16.0,17.0,17.0,15.0,16.0
243,21.0,25.0,18.0,21.0,22.0
244,12.0,18.0,38.0,11.0,12.0
245,24.0,11.0,18.0,23.0,24.0
246,34.0,30.0,58.0,33.0,31.0
247,10.0,10.0,14.0,9.0,11.0
248,5.0,2.0,2.0,7.0,5.0
249,5.0,4.0,0.0,5.0,5.0
250,80.0,47.0,102.0,80.0,76.0
251,65.0,65.0,98.0,65.0,64.0
252,36.0,51.0,53.0,35.0,39.0
253,57.0,22.0,64.0,56.0,52.0
254,26.0,30.0,27.0,26.0,25.0
255,17.0,14.0,93.0,17.0,16.0
256,20.0,26.0,9.0,20.0,21.0
257,13.0,16.0,15.0,12.0,13.0
258,36.0,6.0,31.0,36.0,37.0
259,32.0,15.0,23.0,32.0,33.0
260,10.0,4.0,10.0,9.0,10.0
261,17.0,14.0,3.0,16.0,15.0
262,5.0,3.0,2.0,4.0,5.0
263,77.0,70.0,61.0,77.0,82.0
264,10.0,11.0,9.0,9.0,10.0
265,7.0,9.0,11.0,5.0,7.0
266,4.0,2.0,1.0,4.0,4.0
267,13.0,16.0,9.0,12.0,13.0
268,7.0,5.0,8.0,6.0,7.0
269,20.0,22.0,16.0,20.0,21.0
270,52.0,48.0,58.0,52.0,51.0
271,34.0,28.0,36.0,34.0,32.0
272,2.0,1.0,1.0,3.0,2.0
273,47.0,39.0,40.0,47.0,50.0
274,13.0,9.0,13.0,12.0,13.0
275,4.0,4.0,5.0,4.0,4.0
276,13.0,5.0,22.0,13.0,13.0
277,96.0,116.0,129.0,96.0,101.0
278,9.0,12.0,14.0,9.0,9.0
279,20.0,13.0,14.0,20.0,20.0
280,2.0,1.0,2.0,3.0,2.0
281,18.0,18.0,20.0,17.0,17.0
282,5.0,3.0,4.0,5.0,5.0
283,38.0,27.0,39.0,37.0,36.0
284,12.0,17.0,8.0,12.0,11.0
285,10.0,2.0,12.0,10.0,9.0
286,154.0,137.0,138.0,154.0,162.0
287,7.0,7.0,5.0,7.0,8.0
288,12.0,16.0,12.0,11.0,11.0
289,23.0,10.0,23.0,22.0,22.0
290,8.0,8.0,14.0,7.0,8.0
291,71.0,84.0,74.0,70.0,70.0
292,13.0,15.0,16.0,12.0,14.0
293,42.0,35.0,40.0,41.0,45.0
294,61.0,64.0,77.0,61.0,56.0
295,4.0,3.0,2.0,5.0,4.0
296,33.0,27.0,26.0,33.0,33.0
297,7.0,12.0,8.0,8.0,8.0
298,10.0,8.0,5.0,10.0,10.0
299,9.0,10.0,9.0,8.0,9.0
300,59.0,108.0,41.0,58.0,61.0
301,25.0,26.0,25.0,24.0,25.0
302,9.0,10.0,7.0,8.0,9.0
303,10.0,9.0,0.0,10.0,11.0
304,12.0,8.0,0.0,12.0,12.0
305,11.0,16.0,6.0,11.0,13.0
306,17.0,31.0,15.0,17.0,18.0
307,3.0,2.0,2.0,4.0,3.0
308,33.0,17.0,9.0,33.0,33.0
309,19.0,38.0,18.0,19.0,18.0
310,7.0,7.0,13.0,6.0,7.0
311,4.0,5.0,0.0,5.0,4.0
312,33.0,26.0,22.0,33.0,31.0
313,19.0,25.0,24.0,19.0,20.0
314,19.0,16.0,16.0,19.0,20.0
315,4.0,3.0,3.0,4.0,4.0
316,14.0,20.0,20.0,14.0,14.0
317,13.0,8.0,20.0,13.0,14.0
318,4.0,3.0,0.0,4.0,4.0
319,8.0,5.0,7.0,7.0,6.0
320,97.0,60.0,96.0,97.0,92.0
321,62.0,72.0,57.0,62.0,66.0
322,37.0,30.0,33.0,37.0,38.0
323,35.0,26.0,33.0,36.0,34.0
324,16.0,24.0,15.0,16.0,15.0
325,12.0,5.0,18.0,11.0,11.0
326,7.0,3.0,6.0,6.0,6.0
327,4.0,2.0,3.0,4.0,3.0
328,38.0,46.0,33.0,37.0,37.0
329,9.0,12.0,9.0,9.0,9.0
330,4.0,3.0,0.0,4.0,4.0
331,49.0,57.0,35.0,48.0,47.0
332,15.0,17.0,11.0,15.0,16.0
333,38.0,39.0,46.0,38.0,37.0
334,6.0,5.0,0.0,6.0,7.0
335,3.0,2.0,0.0,4.0,3.0
336,11.0,8.0,18.0,11.0,11.0
337,15.0,15.0,15.0,16.0,17.0
338,53.0,32.0,43.0,53.0,53.0
339,24.0,22.0,26.0,23.0,23.0
340,66.0,108.0,72.0,67.0,67.0
341,12.0,23.0,7.0,12.0,12.0
342,56.0,64.0,88.0,56.0,52.0
343,19.0,15.0,17.0,18.0,20.0
344,4.0,4.0,17.0,4.0,4.0
345,12.0,11.0,39.0,12.0,12.0
346,6.0,8.0,5.0,6.0,6.0
347,15.0,16.0,14.0,14.0,15.0
348,12.0,8.0,16.0,11.0,12.0
349,68.0,85.0,64.0,67.0,69.0
350,10.0,4.0,17.0,10.0,10.0
351,7.0,5.0,10.0,6.0,8.0
352,6.0,2.0,0.0,6.0,6.0
353,127.0,118.0,132.0,127.0,134.0
354,6.0,2.0,7.0,6.0,6.0
355,4.0,3.0,0.0,4.0,4.0
356,69.0,48.0,62.0,69.0,69.0
357,7.0,7.0,7.0,6.0,6.0
358,6.0,4.0,1.0,6.0,6.0
359,7.0,5.0,0.0,6.0,7.0
360,5.0,4.0,2.0,5.0,5.0
361,20.0,11.0,18.0,20.0,21.0
362,4.0,3.0,0.0,4.0,4.0
363,12.0,12.0,12.0,11.0,12.0
364,22.0,38.0,29.0,21.0,22.0
365,5.0,4.0,4.0,4.0,5.0
366,32.0,35.0,23.0,32.0,30.0
367,96.0,64.0,56.0,95.0,91.0
368,30.0,40.0,36.0,29.0,27.0
369,3.0,4.0,6.0,3.0,3.0
370,11.0,15.0,16.0,10.0,12.0
371,2.0,2.0,4.0,3.0,2.0
372,6.0,33.0,16.0,6.0,6.0
373,17.0,9.0,21.0,17.0,18.0
374,4.0,3.0,3.0,4.0,4.0
375,53.0,52.0,43.0,55.0,55.0
376,21.0,17.0,18.0,21.0,20.0
377,65.0,190.0,58.0,65.0,60.0
378,32.0,17.0,27.0,32.0,34.0
379,17.0,15.0,35.0,16.0,17.0
380,51.0,38.0,54.0,51.0,51.0
381,13.0,16.0,12.0,12.0,13.0
382,93.0,103.0,180.0,91.0,97.0
383,51.0,73.0,54.0,51.0,49.0
384,9.0,8.0,10.0,8.0,9.0
385,5.0,5.0,0.0,4.0,5.0
386,19.0,5.0,28.0,20.0,20.0
387,37.0,21.0,39.0,36.0,41.0
388,69.0,32.0,83.0,69.0,70.0
389,7.0,8.0,13.0,6.0,6.0
390,9.0,17.0,12.0,9.0,9.0
391,48.0,18.0,30.0,50.0,45.0
392,6.0,3.0,10.0,6.0,6.0
393,11.0,8.0,39.0,11.0,11.0
394,17.0,9.0,13.0,17.0,17.0
395,9.0,10.0,8.0,9.0,9.0
396,13.0,5.0,18.0,14.0,15.0
397,3.0,2.0,1.0,4.0,3.0
398,50.0,40.0,37.0,50.0,52.0
399,41.0,25.0,33.0,40.0,41.0
400,3.0,2.0,2.0,3.0,3.0
401,7.0,7.0,7.0,7.0,7.0
402,5.0,4.0,5.0,6.0,6.0
403,4.0,5.0,5.0,4.0,4.0
404,6.0,8.0,7.0,6.0,5.0
405,7.0,10.0,10.0,8.0,7.0
406,14.0,25.0,17.0,14.0,14.0
407,9.0,19.0,6.0,8.0,9.0
408,9.0,9.0,6.0,8.0,9.0
409,10.0,3.0,5.0,10.0,11.0
410,20.0,9.0,21.0,19.0,19.0
411,8.0,4.0,3.0,8.0,10.0
412,7.0,9.0,4.0,8.0,7.0
413,30.0,51.0,20.0,30.0,32.0
414,4.0,3.0,0.0,4.0,4.0
415,26.0,51.0,28.0,26.0,32.0
416,7.0,12.0,0.0,7.0,7.0
417,28.0,43.0,21.0,27.0,26.0
418,10.0,16.0,9.0,9.0,10.0
419,2.0,1.0,4.0,3.0,2.0
420,4.0,5.0,8.0,5.0,4.0
421,18.0,12.0,15.0,18.0,20.0
422,30.0,26.0,26.0,30.0,28.0
423,5.0,3.0,2.0,5.0,5.0
424,33.0,34.0,32.0,34.0,34.0
425,8.0,3.0,0.0,8.0,9.0
426,8.0,6.0,5.0,8.0,8.0
427,4.0,4.0,2.0,4.0,5.0
428,95.0,64.0,90.0,95.0,99.0
429,70.0,79.0,71.0,70.0,65.0
430,62.0,55.0,55.0,62.0,61.0
431,146.0,64.0,180.0,149.0,157.0
432,138.0,95.0,174.0,142.0,145.0
433,19.0,18.0,18.0,18.0,19.0
434,18.0,24.0,13.0,18.0,18.0
435,21.0,16.0,8.0,21.0,21.0
436,21.0,5.0,31.0,21.0,18.0
437,3.0,3.0,0.0,4.0,3.0
438,116.0,118.0,125.0,116.0,119.0
439,5.0,5.0,0.0,5.0,5.0
440,8.0,6.0,12.0,8.0,8.0
441,11.0,17.0,12.0,11.0,11.0
442,3.0,5.0,4.0,3.0,3.0
443,6.0,3.0,4.0,7.0,6.0
444,16.0,8.0,29.0,15.0,16.0
445,14.0,21.0,39.0,14.0,15.0
446,24.0,14.0,22.0,24.0,23.0
447,98.0,121.0,79.0,98.0,99.0
448,15.0,8.0,8.0,15.0,13.0
449,5.0,4.0,12.0,5.0,6.0
450,4.0,3.0,5.0,5.0,4.0
451,10.0,6.0,25.0,10.0,11.0
452,17.0,14.0,21.0,17.0,17.0
453,15.0,12.0,6.0,13.0,15.0
454,9.0,8.0,1.0,8.0,9.0
455,10.0,18.0,13.0,10.0,10.0
456,13.0,22.0,10.0,11.0,13.0
457,6.0,7.0,20.0,7.0,6.0
458,7.0,7.0,5.0,7.0,7.0
459,20.0,18.0,14.0,19.0,20.0
460,4.0,5.0,4.0,4.0,4.0
461,9.0,18.0,4.0,9.0,11.0
462,18.0,19.0,20.0,18.0,17.0
463,19.0,6.0,14.0,19.0,20.0
464,16.0,5.0,15.0,16.0,17.0
465,2.0,2.0,3.0,3.0,3.0
466,17.0,7.0,19.0,17.0,18.0
467,16.0,13.0,17.0,16.0,16.0
468,4.0,2.0,3.0,4.0,4.0
469,20.0,16.0,22.0,19.0,18.0
470,10.0,4.0,9.0,9.0,11.0
471,2.0,2.0,1.0,3.0,2.0
472,10.0,6.0,10.0,10.0,10.0
473,13.0,12.0,11.0,13.0,13.0
474,38.0,18.0,25.0,39.0,40.0
475,21.0,17.0,8.0,21.0,21.0
476,12.0,11.0,8.0,12.0,11.0
477,6.0,7.0,3.0,6.0,6.0
478,67.0,88.0,53.0,66.0,69.0
479,10.0,8.0,12.0,9.0,9.0
480,34.0,28.0,39.0,35.0,34.0
481,12.0,8.0,10.0,12.0,12.0
482,59.0,62.0,47.0,59.0,51.0
483,7.0,4.0,7.0,7.0,6.0
484,116.0,156.0,109.0,117.0,126.0
485,5.0,2.0,11.0,5.0,5.0
486,13.0,16.0,14.0,12.0,13.0
487,10.0,37.0,11.0,10.0,12.0
488,5.0,5.0,9.0,5.0,5.0
489,62.0,48.0,58.0,62.0,60.0
490,13.0,9.0,12.0,12.0,13.0
491,13.0,9.0,15.0,13.0,13.0
492,12.0,8.0,13.0,12.0,12.0
493,28.0,50.0,19.0,28.0,29.0
494,15.0,12.0,7.0,15.0,16.0
495,35.0,16.0,42.0,35.0,38.0
496,33.0,26.0,33.0,32.0,31.0
497,38.0,30.0,33.0,39.0,38.0
498,13.0,15.0,14.0,12.0,14.0
499,24.0,17.0,1.0,24.0,23.0
500,13.0,16.0,19.0,12.0,13.0
501,61.0,44.0,55.0,61.0,69.0
502,10.0,6.0,14.0,9.0,10.0
503,30.0,16.0,34.0,30.0,29.0
504,8.0,8.0,5.0,8.0,8.0
505,20.0,6.0,18.0,20.0,20.0
506,105.0,118.0,144.0,104.0,99.0
507,104.0,90.0,81.0,105.0,107.0
508,38.0,42.0,37.0,38.0,37.0
509,12.0,11.0,15.0,11.0,13.0
510,10.0,10.0,10.0,8.0,10.0
511,8.0,8.0,7.0,7.0,8.0
512,51.0,1.0,33.0,50.0,44.0
513,38.0,15.0,42.0,38.0,37.0
514,307.0,430.0,445.0,306.0,320.0
515,6.0,3.0,3.0,5.0,6.0
516,7.0,15.0,8.0,7.0,8.0
517,3.0,3.0,2.0,3.0,3.0
518,13.0,7.0,17.0,12.0,12.0
519,46.0,9.0,68.0,47.0,55.0
520,16.0,16.0,18.0,16.0,16.0
521,16.0,8.0,23.0,16.0,16.0
522,69.0,116.0,54.0,70.0,70.0
523,6.0,8.0,10.0,6.0,7.0
524,19.0,21.0,17.0,19.0,19.0
525,2.0,2.0,1.0,3.0,2.0
526,10.0,9.0,5.0,10.0,10.0
527,14.0,14.0,14.0,14.0,14.0
528,8.0,16.0,4.0,8.0,10.0
529,3.0,2.0,3.0,3.0,3.0
530,10.0,12.0,8.0,10.0,10.0
531,15.0,14.0,19.0,15.0,15.0
532,71.0,62.0,76.0,71.0,72.0
533,107.0,117.0,114.0,107.0,100.0
534,35.0,40.0,22.0,35.0,34.0
535,29.0,21.0,13.0,28.0,28.0
536,38.0,49.0,30.0,37.0,40.0
537,12.0,11.0,14.0,10.0,11.0
538,17.0,14.0,13.0,17.0,18.0
539,12.0,10.0,25.0,11.0,12.0
540,5.0,3.0,2.0,5.0,5.0
541,31.0,23.0,40.0,31.0,33.0
542,6.0,2.0,5.0,6.0,5.0
543,32.0,20.0,31.0,33.0,33.0
544,36.0,38.0,46.0,36.0,37.0
545,39.0,25.0,21.0,38.0,40.0
546,20.0,11.0,18.0,20.0,21.0
547,34.0,29.0,17.0,33.0,30.0
548,15.0,12.0,20.0,15.0,14.0
549,36.0,36.0,33.0,37.0,36.0
550,20.0,21.0,23.0,20.0,21.0
551,17.0,9.0,18.0,16.0,16.0
552,58.0,42.0,33.0,56.0,55.0
553,11.0,10.0,23.0,11.0,11.0
554,14.0,7.0,14.0,14.0,14.0
555,199.0,289.0,174.0,200.0,192.0
556,7.0,3.0,2.0,7.0,7.0
557,12.0,14.0,10.0,12.0,12.0
558,17.0,9.0,13.0,17.0,17.0
559,11.0,8.0,12.0,11.0,10.0
560,24.0,23.0,16.0,24.0,24.0
561,34.0,36.0,39.0,34.0,34.0
562,8.0,9.0,7.0,7.0,8.0
563,9.0,5.0,11.0,9.0,9.0
564,12.0,37.0,16.0,12.0,12.0
565,18.0,18.0,14.0,17.0,19.0
566,7.0,8.0,9.0,6.0,6.0
567,34.0,36.0,36.0,34.0,32.0
568,16.0,18.0,22.0,16.0,16.0
569,19.0,16.0,21.0,18.0,19.0
570,37.0,45.0,37.0,36.0,39.0
571,30.0,31.0,38.0,30.0,31.0
572,6.0,3.0,3.0,5.0,5.0
573,8.0,5.0,13.0,7.0,8.0
574,3.0,5.0,2.0,3.0,3.0
575,18.0,21.0,13.0,18.0,18.0
576,9.0,4.0,11.0,9.0,9.0
577,73.0,93.0,60.0,74.0,69.0
578,3.0,2.0,3.0,3.0,3.0
579,12.0,13.0,15.0,11.0,12.0
580,45.0,62.0,34.0,45.0,47.0
581,11.0,6.0,16.0,11.0,12.0
582,27.0,35.0,19.0,27.0,26.0
583,58.0,159.0,63.0,58.0,55.0
584,25.0,13.0,18.0,23.0,26.0
585,18.0,6.0,18.0,18.0,18.0
586,59.0,42.0,77.0,60.0,56.0
587,4.0,4.0,3.0,4.0,4.0
588,14.0,18.0,15.0,14.0,14.0
589,38.0,30.0,33.0,38.0,39.0
590,38.0,26.0,47.0,38.0,37.0
591,9.0,8.0,11.0,9.0,9.0
592,17.0,18.0,17.0,17.0,17.0
593,14.0,9.0,5.0,14.0,13.0
594,24.0,21.0,21.0,24.0,24.0
595,9.0,4.0,9.0,8.0,10.0
596,18.0,5.0,14.0,18.0,18.0
597,4.0,3.0,5.0,4.0,4.0
598,10.0,5.0,5.0,10.0,10.0
599,77.0,75.0,44.0,77.0,83.0
600,13.0,8.0,18.0,13.0,13.0
601,31.0,30.0,21.0,31.0,31.0
602,9.0,6.0,1.0,8.0,9.0
603,13.0,17.0,14.0,13.0,13.0
604,5.0,5.0,10.0,5.0,5.0
605,7.0,7.0,3.0,8.0,7.0
606,44.0,34.0,29.0,43.0,44.0
607,20.0,18.0,12.0,20.0,19.0
608,6.0,17.0,3.0,6.0,6.0
609,20.0,26.0,20.0,19.0,19.0
610,22.0,16.0,26.0,22.0,25.0
611,15.0,8.0,9.0,14.0,14.0
612,23.0,26.0,17.0,23.0,23.0
613,22.0,32.0,11.0,22.0,20.0
614,14.0,7.0,15.0,14.0,15.0
615,17.0,14.0,19.0,17.0,17.0
616,29.0,27.0,27.0,29.0,31.0
617,19.0,28.0,7.0,18.0,19.0
618,16.0,12.0,18.0,16.0,16.0
619,3.0,2.0,0.0,3.0,3.0
620,5.0,4.0,8.0,5.0,5.0
621,50.0,23.0,47.0,51.0,53.0
622,17.0,26.0,15.0,17.0,17.0
623,16.0,14.0,15.0,15.0,17.0
624,11.0,17.0,6.0,11.0,11.0
625,148.0,140.0,136.0,146.0,152.0
626,87.0,64.0,96.0,87.0,90.0
627,19.0,38.0,17.0,19.0,20.0
628,9.0,5.0,10.0,9.0,9.0
629,3.0,2.0,4.0,3.0,2.0
630,20.0,16.0,28.0,19.0,19.0
631,21.0,37.0,11.0,20.0,19.0
632,3.0,2.0,5.0,4.0,3.0
633,18.0,14.0,16.0,17.0,18.0
634,33.0,30.0,28.0,33.0,31.0
635,23.0,29.0,16.0,23.0,24.0
636,64.0,88.0,52.0,62.0,66.0
637,9.0,7.0,9.0,9.0,8.0
638,4.0,5.0,8.0,4.0,4.0
639,15.0,38.0,12.0,15.0,15.0
640,12.0,8.0,14.0,12.0,12.0
641,5.0,5.0,6.0,5.0,6.0
642,1.0,1.0,5.0,3.0,1.0
643,42.0,46.0,30.0,42.0,37.0
644,39.0,60.0,22.0,39.0,38.0
645,15.0,12.0,21.0,14.0,14.0
646,8.0,7.0,8.0,7.0,8.0
647,5.0,23.0,0.0,5.0,5.0
648,9.0,6.0,5.0,9.0,9.0
649,6.0,5.0,8.0,5.0,6.0
650,7.0,7.0,4.0,7.0,7.0
651,73.0,121.0,57.0,73.0,76.0
652,7.0,7.0,4.0,7.0,7.0
653,12.0,5.0,14.0,12.0,12.0
654,3.0,3.0,6.0,4.0,3.0
655,3.0,2.0,2.0,3.0,2.0
656,30.0,32.0,23.0,29.0,30.0
657,2.0,1.0,4.0,3.0,2.0
658,76.0,67.0,43.0,74.0,67.0
659,38.0,35.0,43.0,37.0,40.0
660,14.0,7.0,7.0,14.0,17.0
661,11.0,11.0,20.0,11.0,12.0
662,17.0,19.0,20.0,17.0,18.0
663,4.0,2.0,0.0,6.0,5.0
664,39.0,51.0,53.0,38.0,40.0
665,12.0,30.0,12.0,12.0,11.0
666,32.0,17.0,31.0,31.0,34.0
667,8.0,6.0,5.0,7.0,8.0
668,7.0,6.0,4.0,7.0,7.0
669,14.0,16.0,8.0,13.0,13.0
670,11.0,8.0,13.0,10.0,11.0
671,9.0,8.0,12.0,8.0,8.0
672,6.0,4.0,6.0,5.0,6.0
673,65.0,65.0,52.0,64.0,65.0
674,18.0,12.0,20.0,17.0,19.0
675,32.0,40.0,29.0,32.0,32.0
676,18.0,20.0,12.0,18.0,20.0
677,19.0,16.0,19.0,18.0,19.0
678,11.0,6.0,13.0,11.0,11.0
679,4.0,3.0,3.0,4.0,4.0
680,14.0,13.0,13.0,14.0,14.0
681,12.0,7.0,14.0,11.0,12.0
682,405.0,286.0,497.0,403.0,389.0
683,26.0,26.0,18.0,26.0,24.0
684,152.0,157.0,250.0,153.0,161.0
685,7.0,5.0,17.0,7.0,7.0
686,6.0,2.0,0.0,6.0,8.0
687,4.0,4.0,0.0,5.0,4.0
688,7.0,3.0,12.0,6.0,8.0
689,42.0,20.0,26.0,42.0,44.0
690,30.0,40.0,34.0,30.0,31.0
691,13.0,10.0,7.0,12.0,13.0
692,13.0,12.0,9.0,12.0,13.0
693,7.0,5.0,8.0,6.0,8.0
694,12.0,7.0,10.0,11.0,12.0
695,105.0,21.0,28.0,107.0,91.0
696,2.0,1.0,0.0,3.0,2.0
697,16.0,14.0,12.0,16.0,17.0
698,3.0,3.0,1.0,3.0,3.0
699,6.0,11.0,7.0,6.0,5.0
700,21.0,28.0,22.0,21.0,20.0
701,9.0,8.0,3.0,9.0,9.0
702,72.0,88.0,71.0,71.0,72.0
703,35.0,60.0,24.0,35.0,30.0
704,10.0,6.0,10.0,9.0,11.0
705,16.0,15.0,18.0,16.0,17.0
706,26.0,17.0,16.0,25.0,26.0
707,21.0,32.0,20.0,21.0,21.0
708,13.0,5.0,14.0,12.0,14.0
709,9.0,17.0,4.0,9.0,10.0
710,17.0,12.0,18.0,15.0,18.0
711,43.0,44.0,52.0,43.0,44.0
712,144.0,165.0,168.0,146.0,143.0
713,6.0,5.0,7.0,5.0,6.0
714,28.0,20.0,29.0,27.0,30.0
715,8.0,4.0,15.0,7.0,8.0
716,35.0,35.0,29.0,34.0,34.0
717,6.0,10.0,9.0,6.0,6.0
718,26.0,35.0,19.0,26.0,27.0
719,21.0,18.0,19.0,22.0,22.0
720,11.0,10.0,11.0,11.0,12.0
721,18.0,13.0,17.0,18.0,18.0
722,6.0,5.0,5.0,5.0,6.0
723,18.0,24.0,23.0,18.0,17.0
724,78.0,75.0,39.0,78.0,83.0
725,9.0,9.0,5.0,9.0,9.0
726,23.0,6.0,33.0,23.0,24.0
727,54.0,52.0,34.0,53.0,54.0
728,21.0,33.0,19.0,21.0,21.0
729,37.0,32.0,32.0,37.0,40.0
730,2.0,2.0,1.0,3.0,2.0
731,2.0,2.0,32.0,3.0,3.0
732,158.0,137.0,184.0,159.0,148.0
733,6.0,5.0,3.0,6.0,6.0
734,10.0,5.0,9.0,10.0,9.0
735,5.0,4.0,4.0,4.0,6.0
736,3.0,2.0,2.0,4.0,3.0
737,29.0,32.0,36.0,28.0,28.0
738,20.0,23.0,20.0,19.0,21.0
739,6.0,3.0,5.0,6.0,6.0
740,9.0,4.0,9.0,9.0,8.0
741,66.0,64.0,88.0,66.0,61.0
742,64.0,70.0,60.0,64.0,65.0
743,42.0,25.0,34.0,42.0,40.0
744,11.0,6.0,12.0,11.0,11.0
745,3.0,1.0,2.0,4.0,3.0
746,12.0,16.0,7.0,12.0,12.0
747,3.0,3.0,3.0,4.0,4.0
748,8.0,3.0,16.0,7.0,8.0
749,37.0,31.0,31.0,36.0,36.0
750,11.0,8.0,12.0,11.0,11.0
751,12.0,44.0,0.0,11.0,12.0
752,7.0,6.0,3.0,6.0,6.0
753,11.0,8.0,15.0,10.0,11.0
754,27.0,24.0,28.0,27.0,26.0
755,7.0,7.0,6.0,6.0,7.0
756,8.0,7.0,9.0,7.0,8.0
757,51.0,52.0,74.0,52.0,50.0
758,32.0,30.0,26.0,32.0,30.0
759,63.0,28.0,55.0,63.0,63.0
760,27.0,20.0,23.0,27.0,27.0
761,15.0,14.0,15.0,15.0,16.0
762,18.0,32.0,13.0,18.0,18.0
763,12.0,12.0,13.0,12.0,12.0
764,3.0,3.0,1.0,4.0,3.0
765,5.0,4.0,7.0,5.0,4.0
766,13.0,4.0,13.0,14.0,14.0
767,7.0,11.0,8.0,7.0,6.0
768,3.0,1.0,2.0,3.0,3.0
769,18.0,13.0,5.0,17.0,18.0
770,72.0,60.0,81.0,71.0,81.0
771,6.0,3.0,3.0,5.0,5.0
772,8.0,10.0,10.0,7.0,9.0
773,60.0,42.0,70.0,59.0,55.0
774,25.0,50.0,41.0,25.0,25.0
775,12.0,12.0,11.0,11.0,13.0
776,18.0,30.0,18.0,18.0,19.0
777,28.0,31.0,18.0,27.0,27.0
778,26.0,15.0,6.0,26.0,24.0
779,10.0,10.0,12.0,10.0,11.0
780,10.0,6.0,47.0,9.0,11.0
781,61.0,92.0,48.0,61.0,65.0
782,14.0,16.0,23.0,12.0,13.0
783,13.0,9.0,19.0,13.0,12.0
784,27.0,13.0,28.0,27.0,28.0
785,29.0,30.0,32.0,29.0,29.0
786,54.0,29.0,39.0,54.0,55.0
787,12.0,4.0,10.0,11.0,12.0
788,6.0,2.0,6.0,5.0,6.0
789,12.0,11.0,11.0,11.0,12.0
790,16.0,32.0,19.0,15.0,15.0
791,29.0,41.0,15.0,28.0,31.0
792,14.0,11.0,14.0,14.0,13.0
793,18.0,11.0,13.0,17.0,19.0
794,9.0,4.0,10.0,7.0,9.0
795,4.0,2.0,4.0,4.0,4.0
796,17.0,18.0,14.0,17.0,17.0
797,22.0,8.0,22.0,22.0,21.0
798,8.0,8.0,7.0,8.0,8.0
799,31.0,22.0,28.0,31.0,31.0
800,12.0,8.0,12.0,11.0,11.0
801,4.0,7.0,5.0,5.0,4.0
802,44.0,44.0,35.0,43.0,43.0
803,73.0,79.0,84.0,73.0,75.0
804,97.0,85.0,152.0,96.0,88.0
805,54.0,53.0,47.0,53.0,55.0
806,5.0,6.0,2.0,5.0,5.0
807,12.0,19.0,21.0,11.0,12.0
808,19.0,17.0,20.0,18.0,19.0
809,70.0,61.0,83.0,69.0,70.0
810,7.0,6.0,4.0,6.0,7.0
811,54.0,48.0,50.0,54.0,50.0
812,3.0,5.0,5.0,3.0,3.0
813,118.0,118.0,169.0,118.0,119.0
814,15.0,12.0,12.0,14.0,15.0
815,55.0,52.0,52.0,55.0,55.0
816,38.0,52.0,40.0,38.0,39.0
817,40.0,38.0,37.0,41.0,42.0
818,48.0,48.0,36.0,48.0,48.0
819,5.0,6.0,7.0,5.0,6.0
820,19.0,25.0,18.0,18.0,18.0
821,52.0,27.0,28.0,55.0,49.0
822,2.0,2.0,0.0,3.0,2.0
823,12.0,10.0,19.0,10.0,12.0
824,10.0,10.0,11.0,10.0,10.0
825,3.0,4.0,4.0,3.0,3.0
826,35.0,29.0,25.0,35.0,34.0
827,34.0,46.0,31.0,34.0,36.0
828,19.0,17.0,21.0,18.0,18.0
829,12.0,22.0,8.0,12.0,13.0
830,5.0,3.0,4.0,5.0,5.0
831,42.0,48.0,43.0,42.0,44.0
832,3.0,3.0,5.0,3.0,3.0
833,2.0,1.0,2.0,3.0,2.0
834,22.0,38.0,16.0,21.0,21.0
835,4.0,4.0,4.0,3.0,4.0
836,5.0,4.0,8.0,5.0,5.0
837,15.0,4.0,14.0,15.0,17.0
838,12.0,4.0,10.0,11.0,12.0
839,25.0,32.0,33.0,24.0,24.0
840,102.0,108.0,99.0,103.0,107.0
841,11.0,37.0,11.0,12.0,12.0
842,5.0,2.0,0.0,5.0,5.0
843,20.0,21.0,17.0,20.0,21.0
844,7.0,8.0,7.0,7.0,7.0
845,4.0,3.0,5.0,3.0,3.0
846,19.0,22.0,19.0,20.0,21.0
847,14.0,15.0,8.0,14.0,15.0
848,26.0,5.0,36.0,26.0,25.0
849,7.0,3.0,8.0,6.0,7.0
850,33.0,15.0,26.0,33.0,32.0
851,6.0,5.0,7.0,5.0,5.0
852,94.0,88.0,69.0,93.0,94.0
853,13.0,8.0,21.0,13.0,15.0
854,8.0,6.0,0.0,8.0,8.0
855,27.0,26.0,34.0,26.0,26.0
856,2.0,2.0,1.0,3.0,2.0
857,2.0,2.0,1.0,3.0,2.0
858,57.0,29.0,42.0,56.0,55.0
859,147.0,111.0,89.0,145.0,149.0
860,4.0,4.0,0.0,4.0,4.0
861,22.0,18.0,17.0,21.0,22.0
862,40.0,23.0,46.0,41.0,40.0
863,47.0,58.0,57.0,47.0,46.0
864,17.0,14.0,14.0,17.0,17.0
865,79.0,75.0,36.0,79.0,84.0
866,11.0,10.0,11.0,9.0,11.0
867,50.0,67.0,57.0,50.0,51.0
868,55.0,88.0,41.0,55.0,56.0
869,11.0,8.0,20.0,11.0,11.0
870,57.0,73.0,43.0,57.0,60.0
871,9.0,15.0,14.0,9.0,9.0
872,42.0,34.0,37.0,43.0,47.0
873,18.0,23.0,18.0,18.0,18.0
874,5.0,3.0,2.0,4.0,5.0
875,17.0,9.0,21.0,17.0,18.0
876,52.0,24.0,52.0,51.0,51.0
877,14.0,8.0,16.0,13.0,14.0
878,12.0,5.0,8.0,12.0,12.0
879,4.0,6.0,0.0,5.0,4.0
880,12.0,11.0,0.0,12.0,10.0
881,36.0,55.0,30.0,36.0,35.0
882,35.0,37.0,27.0,35.0,38.0
883,7.0,11.0,9.0,6.0,7.0
884,18.0,25.0,15.0,17.0,17.0
885,32.0,20.0,33.0,32.0,35.0
886,29.0,31.0,26.0,29.0,29.0
887,37.0,28.0,45.0,37.0,39.0
888,63.0,59.0,68.0,64.0,58.0
889,7.0,4.0,10.0,5.0,7.0
890,2.0,2.0,0.0,4.0,2.0
891,8.0,6.0,0.0,8.0,8.0
892,5.0,3.0,3.0,6.0,5.0
893,7.0,8.0,8.0,7.0,7.0
894,21.0,5.0,11.0,21.0,23.0
895,7.0,9.0,7.0,6.0,7.0
896,3.0,1.0,0.0,3.0,3.0
897,8.0,7.0,8.0,6.0,8.0
898,38.0,50.0,51.0,38.0,38.0
899,25.0,40.0,22.0,25.0,25.0
900,5.0,4.0,4.0,5.0,6.0
901,16.0,10.0,11.0,15.0,15.0
902,6.0,4.0,5.0,5.0,6.0
903,44.0,39.0,51.0,44.0,44.0
904,6.0,6.0,23.0,6.0,5.0
905,25.0,22.0,51.0,25.0,26.0
906,22.0,33.0,23.0,21.0,20.0
907,21.0,18.0,28.0,20.0,21.0
908,10.0,13.0,14.0,10.0,10.0
909,11.0,17.0,14.0,10.0,10.0
910,10.0,8.0,0.0,10.0,10.0
911,7.0,5.0,11.0,6.0,7.0
912,10.0,3.0,17.0,9.0,10.0
913,14.0,18.0,12.0,13.0,15.0
914,8.0,18.0,8.0,8.0,9.0
915,71.0,116.0,78.0,70.0,69.0
916,17.0,37.0,19.0,17.0,20.0
917,7.0,10.0,4.0,6.0,6.0
918,7.0,3.0,7.0,7.0,7.0
919,25.0,30.0,31.0,25.0,25.0
920,6.0,5.0,12.0,6.0,6.0
921,10.0,10.0,11.0,9.0,10.0
922,4.0,3.0,1.0,5.0,4.0
923,9.0,9.0,5.0,8.0,9.0
924,37.0,17.0,42.0,36.0,41.0
925,18.0,18.0,9.0,18.0,18.0
926,28.0,22.0,42.0,28.0,28.0
927,30.0,35.0,28.0,30.0,31.0
928,16.0,9.0,9.0,16.0,16.0
929,14.0,23.0,13.0,13.0,14.0
930,10.0,10.0,6.0,9.0,10.0
931,5.0,7.0,5.0,5.0,5.0
932,56.0,55.0,46.0,54.0,58.0
933,69.0,56.0,64.0,68.0,68.0
934,3.0,4.0,0.0,4.0,3.0
935,42.0,39.0,79.0,42.0,41.0
936,28.0,30.0,27.0,28.0,27.0
937,5.0,12.0,10.0,5.0,5.0
938,4.0,11.0,0.0,5.0,4.0
939,16.0,12.0,15.0,15.0,16.0
940,3.0,1.0,2.0,3.0,2.0
941,26.0,18.0,31.0,26.0,24.0
942,38.0,53.0,36.0,37.0,38.0
943,9.0,8.0,9.0,8.0,9.0
944,9.0,8.0,2.0,10.0,8.0
945,44.0,44.0,39.0,44.0,47.0
946,8.0,12.0,9.0,7.0,8.0
947,4.0,5.0,0.0,5.0,4.0
948,55.0,67.0,59.0,53.0,56.0
949,41.0,8.0,18.0,41.0,34.0
950,4.0,2.0,3.0,5.0,4.0
951,12.0,10.0,12.0,11.0,12.0
952,4.0,3.0,6.0,3.0,4.0
953,11.0,8.0,16.0,10.0,11.0
954,3.0,1.0,2.0,4.0,3.0
955,40.0,27.0,42.0,40.0,40.0
956,3.0,3.0,5.0,4.0,3.0
957,28.0,20.0,38.0,28.0,29.0
958,10.0,7.0,11.0,10.0,9.0
959,13.0,16.0,14.0,13.0,13.0
960,30.0,31.0,24.0,30.0,30.0
961,21.0,16.0,21.0,20.0,20.0
962,5.0,4.0,5.0,5.0,5.0
963,6.0,14.0,5.0,6.0,7.0
964,71.0,79.0,70.0,70.0,72.0
965,2.0,2.0,10.0,3.0,2.0
966,44.0,17.0,44.0,43.0,43.0
967,23.0,14.0,19.0,23.0,23.0
968,21.0,18.0,15.0,20.0,21.0
969,10.0,11.0,7.0,9.0,10.0
970,22.0,23.0,19.0,22.0,23.0
971,5.0,3.0,6.0,5.0,5.0
972,153.0,198.0,177.0,153.0,157.0
973,26.0,14.0,16.0,26.0,26.0
974,13.0,8.0,3.0,13.0,12.0
975,20.0,31.0,10.0,20.0,20.0
976,41.0,30.0,42.0,39.0,39.0
977,30.0,42.0,27.0,30.0,29.0
978,61.0,58.0,76.0,61.0,61.0
979,13.0,12.0,18.0,13.0,14.0
980,6.0,11.0,4.0,5.0,7.0
981,45.0,38.0,38.0,47.0,46.0
982,34.0,44.0,49.0,34.0,33.0
983,21.0,28.0,25.0,21.0,21.0
984,23.0,26.0,26.0,22.0,23.0
985,1.0,1.0,2.0,3.0,1.0
986,16.0,6.0,18.0,16.0,16.0
987,2.0,3.0,3.0,3.0,2.0
988,126.0,64.0,90.0,125.0,138.0
989,8.0,5.0,12.0,7.0,8.0
990,116.0,112.0,132.0,115.0,116.0
991,34.0,26.0,39.0,34.0,32.0
992,3.0,3.0,2.0,3.0,3.0
993,27.0,42.0,44.0,26.0,27.0
994,2.0,1.0,3.0,3.0,2.0
995,4.0,2.0,5.0,4.0,4.0
996,48.0,48.0,46.0,49.0,52.0
997,23.0,23.0,16.0,23.0,24.0
998,42.0,48.0,41.0,41.0,41.0
999,36.0,38.0,22.0,35.0,35.0
1000,11.0,16.0,7.0,11.0,11.0
1001,2.0,2.0,1.0,3.0,2.0
1002,38.0,41.0,36.0,38.0,39.0
1003,11.0,7.0,3.0,10.0,11.0
1004,9.0,7.0,6.0,7.0,8.0
1005,12.0,14.0,12.0,12.0,12.0
1006,2.0,2.0,0.0,4.0,2.0
1007,39.0,39.0,31.0,39.0,38.0
1008,58.0,29.0,68.0,59.0,57.0
1009,37.0,29.0,31.0,37.0,37.0
1010,46.0,48.0,36.0,46.0,45.0
1011,25.0,13.0,30.0,25.0,26.0
1012,20.0,23.0,23.0,20.0,20.0
1013,4.0,3.0,0.0,3.0,4.0
1014,3.0,4.0,3.0,3.0,3.0
1015,5.0,11.0,6.0,5.0,5.0
1016,18.0,5.0,17.0,18.0,19.0
1017,58.0,55.0,79.0,59.0,58.0
1018,13.0,13.0,13.0,13.0,13.0
1019,52.0,116.0,57.0,50.0,49.0
1020,7.0,12.0,13.0,6.0,8.0
1021,4.0,4.0,8.0,3.0,5.0
1022,6.0,5.0,5.0,5.0,6.0
1023,59.0,55.0,55.0,58.0,64.0
1024,5.0,6.0,0.0,5.0,5.0
1025,15.0,14.0,10.0,15.0,15.0
1026,11.0,7.0,11.0,10.0,11.0
1027,24.0,17.0,46.0,24.0,23.0
1028,109.0,117.0,142.0,109.0,103.0
1029,3.0,5.0,3.0,4.0,4.0
1030,21.0,28.0,19.0,21.0,22.0
1031,51.0,37.0,53.0,51.0,52.0
1032,33.0,28.0,30.0,32.0,31.0
1033,6.0,3.0,12.0,6.0,6.0
1034,51.0,76.0,38.0,51.0,49.0
1035,23.0,26.0,46.0,23.0,22.0
1036,2.0,1.0,1.0,3.0,2.0
1037,8.0,17.0,0.0,8.0,9.0
1038,9.0,3.0,9.0,9.0,9.0
1039,12.0,23.0,5.0,11.0,11.0
1040,51.0,50.0,43.0,50.0,50.0
1041,7.0,6.0,7.0,7.0,7.0
1042,13.0,11.0,12.0,12.0,12.0
1043,38.0,49.0,32.0,38.0,39.0
1044,29.0,45.0,36.0,28.0,30.0
1045,1.0,1.0,1.0,3.0,1.0
1046,4.0,4.0,10.0,4.0,4.0
1047,54.0,13.0,70.0,54.0,51.0
1048,4.0,4.0,2.0,4.0,3.0
1049,1.0,1.0,3.0,3.0,1.0
1050,18.0,26.0,17.0,17.0,18.0
1051,8.0,7.0,8.0,7.0,8.0
1052,43.0,20.0,39.0,43.0,42.0
1053,17.0,22.0,22.0,17.0,17.0
1054,55.0,79.0,60.0,56.0,55.0
1055,9.0,31.0,10.0,10.0,9.0
1056,4.0,2.0,0.0,4.0,4.0
1057,26.0,26.0,20.0,25.0,26.0
1058,18.0,13.0,15.0,18.0,18.0
1059,14.0,13.0,14.0,14.0,14.0
1060,16.0,9.0,11.0,16.0,15.0
1061,4.0,4.0,3.0,4.0,5.0
1062,20.0,28.0,9.0,20.0,21.0
1063,6.0,4.0,0.0,5.0,6.0
1064,6.0,4.0,8.0,5.0,6.0
1065,10.0,4.0,11.0,10.0,10.0
1066,5.0,4.0,4.0,6.0,5.0
1067,9.0,8.0,13.0,8.0,8.0
1068,15.0,17.0,23.0,15.0,15.0
1069,5.0,4.0,5.0,5.0,5.0
1070,19.0,17.0,11.0,19.0,19.0
1071,38.0,51.0,15.0,39.0,43.0
1072,39.0,28.0,41.0,38.0,38.0
1073,15.0,14.0,25.0,15.0,15.0
1074,11.0,17.0,14.0,9.0,10.0
1075,7.0,3.0,6.0,7.0,7.0
1076,14.0,24.0,18.0,13.0,14.0
1077,5.0,3.0,4.0,6.0,5.0
1078,38.0,52.0,41.0,39.0,37.0
1079,3.0,2.0,8.0,4.0,3.0
1080,17.0,18.0,8.0,16.0,16.0
1081,5.0,10.0,0.0,5.0,5.0
1082,29.0,40.0,25.0,28.0,29.0
1083,6.0,3.0,4.0,7.0,6.0
1084,9.0,6.0,12.0,9.0,9.0
1085,17.0,16.0,14.0,16.0,18.0
1086,13.0,10.0,21.0,12.0,12.0
1087,2.0,1.0,3.0,3.0,2.0
1088,108.0,111.0,98.0,108.0,118.0
1089,37.0,15.0,29.0,37.0,35.0
1090,27.0,23.0,37.0,27.0,27.0
1091,22.0,23.0,13.0,22.0,23.0
1092,1.0,1.0,0.0,3.0,1.0
1093,10.0,10.0,12.0,8.0,10.0
1094,4.0,4.0,7.0,4.0,4.0
1095,3.0,2.0,0.0,4.0,3.0
1096,1.0,1.0,0.0,3.0,2.0
1097,4.0,4.0,1.0,4.0,5.0
1098,8.0,10.0,2.0,7.0,8.0
1099,23.0,21.0,26.0,23.0,23.0
1100,31.0,47.0,42.0,30.0,33.0
1101,11.0,10.0,17.0,11.0,12.0
1102,9.0,3.0,9.0,9.0,10.0
1103,3.0,3.0,0.0,4.0,3.0
1104,57.0,5.0,46.0,57.0,54.0
1105,84.0,47.0,104.0,84.0,87.0
1106,19.0,17.0,17.0,19.0,19.0
1107,59.0,103.0,54.0,59.0,56.0
1108,6.0,7.0,5.0,5.0,6.0
1109,23.0,26.0,32.0,23.0,23.0
1110,20.0,8.0,14.0,20.0,21.0
1111,6.0,3.0,0.0,5.0,6.0
1112,7.0,7.0,9.0,7.0,6.0
1113,10.0,10.0,10.0,10.0,12.0
1114,82.0,50.0,82.0,83.0,83.0
1115,104.0,46.0,35.0,103.0,102.0
1116,7.0,6.0,1.0,6.0,7.0
1117,12.0,19.0,15.0,10.0,13.0
1118,20.0,22.0,18.0,20.0,21.0
1119,9.0,6.0,6.0,8.0,9.0
1120,8.0,4.0,0.0,8.0,8.0
1121,5.0,16.0,0.0,6.0,5.0
1122,15.0,19.0,21.0,15.0,14.0
1123,5.0,4.0,4.0,4.0,5.0
1124,4.0,4.0,7.0,4.0,5.0
1125,2.0,1.0,25.0,3.0,3.0
1126,10.0,6.0,8.0,11.0,10.0
1127,12.0,16.0,9.0,12.0,11.0
1128,21.0,13.0,19.0,21.0,23.0
1129,79.0,48.0,85.0,78.0,84.0
1130,4.0,4.0,3.0,4.0,5.0
1131,16.0,7.0,16.0,16.0,16.0
1132,13.0,9.0,13.0,13.0,13.0
1133,23.0,46.0,20.0,23.0,24.0
1134,5.0,3.0,0.0,5.0,5.0
1135,57.0,48.0,50.0,57.0,57.0
1136,6.0,4.0,8.0,7.0,6.0
1137,110.0,75.0,96.0,111.0,121.0
1138,2.0,1.0,1.0,3.0,2.0
1139,7.0,4.0,8.0,7.0,7.0
1140,4.0,2.0,5.0,4.0,4.0
1141,248.0,289.0,308.0,248.0,229.0
1142,6.0,2.0,8.0,5.0,6.0
1143,3.0,4.0,4.0,4.0,4.0
1144,18.0,14.0,24.0,18.0,17.0
1145,24.0,62.0,14.0,24.0,23.0
1146,26.0,36.0,13.0,26.0,28.0
1147,14.0,7.0,13.0,14.0,14.0
1148,36.0,22.0,52.0,36.0,34.0
1149,10.0,13.0,13.0,8.0,10.0
1150,7.0,4.0,2.0,7.0,7.0
1151,5.0,9.0,4.0,5.0,5.0
1152,112.0,108.0,113.0,110.0,103.0
1153,92.0,156.0,96.0,91.0,91.0
1154,80.0,64.0,87.0,78.0,82.0
1155,21.0,24.0,25.0,21.0,21.0
1156,8.0,16.0,4.0,8.0,8.0
1157,10.0,8.0,11.0,10.0,10.0
1158,3.0,2.0,0.0,4.0,4.0
1159,5.0,3.0,0.0,5.0,4.0
1160,12.0,22.0,12.0,12.0,13.0
1161,4.0,4.0,1.0,4.0,4.0
1162,4.0,3.0,1.0,5.0,4.0
1163,9.0,9.0,4.0,9.0,9.0
1164,9.0,10.0,13.0,8.0,9.0
1165,12.0,4.0,7.0,13.0,13.0
1166,10.0,37.0,8.0,9.0,10.0
1167,23.0,16.0,34.0,23.0,22.0
1168,13.0,30.0,17.0,12.0,14.0
1169,5.0,3.0,3.0,5.0,6.0
1170,11.0,11.0,8.0,10.0,11.0
1171,4.0,2.0,5.0,4.0,4.0
1172,25.0,10.0,25.0,25.0,24.0
1173,4.0,2.0,4.0,4.0,3.0
1174,66.0,50.0,88.0,66.0,64.0
1175,18.0,8.0,26.0,19.0,20.0
1176,2.0,2.0,2.0,3.0,2.0
1177,11.0,5.0,2.0,11.0,10.0
1178,3.0,6.0,0.0,4.0,3.0
1179,11.0,10.0,20.0,11.0,12.0
1180,10.0,9.0,6.0,9.0,10.0
1181,15.0,19.0,14.0,14.0,15.0
1182,2.0,2.0,2.0,3.0,2.0
1183,7.0,4.0,10.0,6.0,7.0
1184,2.0,4.0,2.0,3.0,2.0
1185,5.0,4.0,4.0,4.0,5.0
1186,26.0,18.0,10.0,26.0,24.0
1187,62.0,75.0,59.0,63.0,62.0
1188,7.0,7.0,0.0,7.0,7.0
1189,10.0,7.0,12.0,9.0,10.0
1190,7.0,7.0,2.0,8.0,8.0
1191,7.0,3.0,4.0,7.0,6.0
1192,23.0,21.0,20.0,23.0,23.0
1193,23.0,19.0,15.0,23.0,24.0
1194,15.0,18.0,15.0,15.0,15.0
1195,16.0,12.0,21.0,16.0,15.0
1196,3.0,2.0,3.0,3.0,3.0
1197,20.0,21.0,19.0,20.0,20.0
1198,9.0,10.0,6.0,9.0,10.0
1199,7.0,4.0,3.0,8.0,8.0
1200,6.0,4.0,8.0,5.0,6.0
1201,33.0,35.0,31.0,32.0,32.0
1202,11.0,9.0,5.0,11.0,12.0
1203,42.0,36.0,70.0,41.0,42.0
1204,12.0,8.0,12.0,12.0,13.0
1205,7.0,10.0,15.0,7.0,7.0
1206,3.0,2.0,2.0,4.0,2.0
1207,14.0,19.0,16.0,13.0,14.0
1208,18.0,15.0,27.0,17.0,19.0
1209,14.0,9.0,19.0,14.0,14.0
1210,22.0,21.0,14.0,22.0,21.0
1211,14.0,16.0,16.0,13.0,14.0
1212,59.0,159.0,69.0,59.0,58.0
1213,11.0,9.0,12.0,9.0,11.0
1214,3.0,2.0,3.0,3.0,3.0
1215,17.0,29.0,15.0,16.0,17.0
1216,11.0,11.0,11.0,11.0,11.0
1217,10.0,15.0,8.0,10.0,11.0
1218,4.0,2.0,0.0,4.0,4.0
1219,9.0,6.0,11.0,9.0,8.0
1220,68.0,108.0,90.0,68.0,66.0
1221,7.0,5.0,4.0,6.0,8.0
1222,25.0,23.0,25.0,25.0,27.0
1223,101.0,137.0,109.0,101.0,94.0
1224,2.0,1.0,1.0,3.0,2.0
1225,62.0,5.0,61.0,63.0,63.0
1226,4.0,2.0,6.0,4.0,3.0
1227,9.0,12.0,17.0,9.0,9.0
1228,2.0,1.0,0.0,3.0,2.0
1229,9.0,6.0,8.0,8.0,9.0
1230,71.0,24.0,64.0,70.0,67.0
1231,10.0,9.0,0.0,10.0,10.0
1232,12.0,37.0,12.0,11.0,13.0
1233,10.0,7.0,13.0,10.0,10.0
1234,35.0,48.0,28.0,35.0,37.0
1235,16.0,8.0,12.0,16.0,15.0
1236,5.0,4.0,7.0,4.0,5.0
1237,22.0,14.0,45.0,21.0,22.0
1238,12.0,9.0,10.0,12.0,11.0
1239,5.0,5.0,2.0,5.0,4.0
1240,5.0,5.0,4.0,4.0,5.0
1241,3.0,2.0,0.0,3.0,4.0
1242,14.0,7.0,16.0,13.0,14.0
1243,10.0,4.0,8.0,9.0,10.0
1244,9.0,9.0,10.0,9.0,10.0
1245,24.0,21.0,28.0,24.0,24.0
1246,5.0,5.0,2.0,5.0,5.0
1247,5.0,3.0,1.0,5.0,5.0
1248,8.0,7.0,19.0,6.0,8.0
1249,8.0,11.0,6.0,7.0,8.0
1250,6.0,8.0,5.0,6.0,6.0
1251,11.0,17.0,9.0,10.0,11.0
1252,91.0,59.0,87.0,92.0,95.0
1253,14.0,16.0,15.0,14.0,15.0
1254,7.0,11.0,5.0,7.0,7.0
1255,10.0,7.0,7.0,10.0,10.0
1256,9.0,10.0,4.0,8.0,7.0
1257,13.0,18.0,15.0,12.0,13.0
1258,18.0,16.0,17.0,17.0,18.0
1259,28.0,22.0,25.0,28.0,26.0
1260,3.0,3.0,4.0,3.0,4.0
1261,21.0,21.0,26.0,21.0,20.0
1262,3.0,6.0,5.0,3.0,3.0
1263,8.0,17.0,3.0,7.0,8.0
1264,21.0,44.0,21.0,21.0,21.0
1265,305.0,430.0,430.0,308.0,293.0
1266,59.0,30.0,47.0,58.0,53.0
1267,6.0,4.0,4.0,5.0,6.0
1268,2.0,1.0,0.0,3.0,2.0
1269,4.0,4.0,1.0,4.0,3.0
1270,37.0,40.0,31.0,36.0,37.0
1271,28.0,13.0,18.0,27.0,28.0
1272,7.0,5.0,20.0,6.0,7.0
1273,13.0,12.0,15.0,13.0,12.0
1274,10.0,15.0,8.0,10.0,11.0
1275,10.0,8.0,12.0,10.0,10.0
1276,4.0,3.0,2.0,4.0,4.0
1277,63.0,85.0,60.0,64.0,65.0
1278,32.0,22.0,22.0,32.0,35.0
1279,20.0,7.0,23.0,19.0,19.0
1280,3.0,3.0,0.0,4.0,3.0
1281,28.0,22.0,19.0,28.0,29.0
1282,74.0,64.0,64.0,73.0,72.0
1283,12.0,14.0,15.0,12.0,12.0
1284,35.0,26.0,26.0,36.0,31.0
1285,5.0,3.0,4.0,6.0,4.0
1286,15.0,9.0,9.0,14.0,14.0
1287,25.0,22.0,12.0,25.0,27.0
1288,9.0,6.0,10.0,10.0,9.0
1289,4.0,7.0,3.0,4.0,4.0
1290,130.0,120.0,191.0,131.0,126.0
1291,32.0,5.0,50.0,31.0,36.0
1292,27.0,18.0,17.0,27.0,28.0
1293,5.0,10.0,11.0,5.0,4.0
1294,45.0,45.0,58.0,44.0,44.0
1295,9.0,11.0,14.0,8.0,9.0
1296,8.0,7.0,10.0,8.0,9.0
1297,13.0,9.0,8.0,12.0,13.0
1298,10.0,6.0,9.0,9.0,9.0
1299,22.0,21.0,25.0,21.0,22.0
1300,104.0,121.0,79.0,103.0,105.0
1301,4.0,3.0,2.0,4.0,5.0
1302,5.0,11.0,0.0,5.0,5.0
1303,151.0,214.0,213.0,150.0,153.0
1304,2.0,1.0,0.0,3.0,2.0
1305,14.0,12.0,12.0,14.0,14.0
1306,135.0,108.0,76.0,135.0,141.0
1307,5.0,7.0,6.0,5.0,5.0
1308,8.0,7.0,4.0,8.0,8.0
1309,54.0,48.0,61.0,55.0,53.0
1310,39.0,39.0,41.0,39.0,37.0
1311,29.0,20.0,30.0,28.0,32.0
1312,22.0,21.0,25.0,22.0,21.0
1313,13.0,15.0,15.0,13.0,15.0
1314,72.0,85.0,74.0,72.0,72.0
1315,77.0,98.0,86.0,77.0,75.0
1316,63.0,27.0,42.0,63.0,62.0
1317,22.0,21.0,21.0,22.0,22.0
1318,11.0,23.0,6.0,10.0,10.0
1319,2.0,1.0,3.0,3.0,2.0
1320,9.0,4.0,11.0,8.0,8.0
1321,10.0,10.0,14.0,10.0,11.0
1322,21.0,14.0,14.0,21.0,22.0
1323,5.0,4.0,3.0,4.0,5.0
1324,14.0,16.0,6.0,13.0,13.0
1325,2.0,3.0,1.0,3.0,2.0
1326,10.0,10.0,6.0,9.0,10.0
1327,12.0,11.0,18.0,11.0,13.0
1328,10.0,14.0,3.0,10.0,9.0
1329,8.0,9.0,0.0,8.0,8.0
1330,22.0,41.0,16.0,22.0,22.0
1331,17.0,14.0,13.0,17.0,18.0
1332,74.0,85.0,74.0,74.0,72.0
1333,14.0,9.0,11.0,14.0,13.0
1334,2.0,1.0,3.0,3.0,2.0
1335,34.0,38.0,31.0,33.0,34.0
1336,4.0,5.0,4.0,5.0,4.0
1337,11.0,8.0,28.0,11.0,11.0
1338,8.0,4.0,3.0,8.0,8.0
1339,5.0,4.0,8.0,5.0,5.0
1340,22.0,32.0,47.0,22.0,22.0
1341,10.0,12.0,10.0,9.0,10.0
1342,7.0,2.0,4.0,7.0,7.0
1343,32.0,20.0,37.0,32.0,34.0
1344,73.0,103.0,79.0,71.0,68.0
1345,20.0,25.0,16.0,19.0,20.0
1346,28.0,18.0,28.0,27.0,28.0
1347,47.0,1.0,22.0,47.0,49.0
1348,15.0,16.0,16.0,16.0,16.0
1349,10.0,20.0,9.0,10.0,10.0
1350,19.0,11.0,20.0,19.0,20.0
1351,3.0,4.0,2.0,3.0,3.0
1352,21.0,18.0,23.0,20.0,20.0
1353,7.0,4.0,5.0,7.0,7.0
1354,2.0,1.0,2.0,3.0,3.0
1355,12.0,8.0,8.0,12.0,11.0
1356,45.0,50.0,31.0,45.0,44.0
1357,9.0,6.0,8.0,9.0,8.0
1358,6.0,4.0,11.0,6.0,6.0
1359,83.0,80.0,67.0,82.0,80.0
1360,12.0,7.0,3.0,11.0,10.0
1361,14.0,16.0,19.0,13.0,13.0
1362,27.0,28.0,22.0,27.0,27.0
1363,11.0,6.0,10.0,11.0,11.0
1364,3.0,3.0,1.0,4.0,3.0
1365,16.0,12.0,12.0,16.0,16.0
1366,3.0,1.0,4.0,3.0,3.0
1367,84.0,64.0,50.0,85.0,92.0
1368,4.0,2.0,0.0,4.0,4.0
1369,32.0,30.0,23.0,31.0,28.0
1370,9.0,3.0,5.0,8.0,8.0
1371,40.0,30.0,33.0,40.0,40.0
1372,42.0,50.0,33.0,42.0,41.0
1373,60.0,35.0,72.0,60.0,55.0
1374,25.0,22.0,33.0,24.0,26.0
1375,29.0,13.0,33.0,29.0,27.0
1376,6.0,5.0,8.0,5.0,5.0
1377,11.0,8.0,12.0,11.0,11.0
1378,22.0,18.0,20.0,22.0,22.0
1379,46.0,40.0,36.0,45.0,41.0
1380,4.0,4.0,0.0,4.0,4.0
1381,4.0,2.0,4.0,6.0,4.0
1382,4.0,4.0,5.0,4.0,5.0
1383,41.0,35.0,50.0,41.0,39.0
1384,13.0,11.0,17.0,12.0,12.0
1385,27.0,20.0,29.0,27.0,26.0
1386,4.0,3.0,1.0,5.0,4.0
1387,51.0,52.0,39.0,51.0,50.0
1388,12.0,6.0,13.0,12.0,12.0
1389,27.0,17.0,26.0,26.0,27.0
1390,19.0,26.0,18.0,19.0,18.0
1391,41.0,36.0,43.0,41.0,44.0
1392,85.0,117.0,85.0,85.0,91.0
1393,4.0,3.0,3.0,4.0,5.0
1394,2.0,2.0,2.0,3.0,2.0
1395,11.0,5.0,5.0,12.0,11.0
1396,132.0,95.0,200.0,132.0,147.0
1397,22.0,18.0,21.0,22.0,22.0
1398,70.0,88.0,58.0,69.0,72.0
1399,29.0,51.0,28.0,28.0,28.0
1400,4.0,3.0,0.0,4.0,4.0
1401,2.0,3.0,2.0,3.0,2.0
1402,20.0,18.0,24.0,20.0,20.0
1403,9.0,10.0,5.0,8.0,9.0
1404,9.0,7.0,9.0,8.0,9.0
1405,59.0,48.0,48.0,60.0,58.0
1406,9.0,7.0,7.0,9.0,10.0
1407,7.0,7.0,8.0,7.0,7.0
1408,9.0,7.0,7.0,8.0,9.0
1409,10.0,6.0,12.0,10.0,9.0
1410,7.0,5.0,7.0,6.0,7.0
1411,13.0,18.0,14.0,13.0,13.0
1412,10.0,11.0,13.0,9.0,10.0
1413,46.0,34.0,45.0,46.0,49.0
1414,6.0,9.0,4.0,5.0,5.0
1415,30.0,22.0,35.0,29.0,30.0
1416,1.0,1.0,2.0,3.0,1.0
1417,15.0,4.0,12.0,15.0,15.0
1418,18.0,9.0,16.0,17.0,18.0
1419,24.0,26.0,14.0,24.0,24.0
1420,26.0,16.0,21.0,26.0,26.0
1421,4.0,2.0,2.0,4.0,4.0
1422,5.0,4.0,4.0,4.0,5.0
1423,5.0,3.0,9.0,4.0,5.0
1424,45.0,35.0,74.0,44.0,43.0
1425,5.0,2.0,0.0,5.0,5.0
1426,4.0,3.0,3.0,6.0,5.0
1427,22.0,21.0,20.0,22.0,21.0
1428,9.0,4.0,7.0,9.0,12.0
1429,35.0,31.0,26.0,35.0,35.0
1430,30.0,25.0,31.0,30.0,31.0
1431,8.0,3.0,2.0,8.0,9.0
1432,14.0,9.0,9.0,14.0,14.0
1433,13.0,15.0,13.0,14.0,14.0
1434,49.0,76.0,35.0,48.0,48.0
1435,48.0,42.0,49.0,49.0,48.0
1436,12.0,16.0,40.0,11.0,12.0
1437,21.0,5.0,19.0,21.0,19.0
1438,23.0,26.0,24.0,23.0,22.0
1439,10.0,10.0,11.0,10.0,10.0
1440,60.0,50.0,62.0,61.0,61.0
1441,25.0,21.0,22.0,23.0,24.0
1442,4.0,5.0,2.0,5.0,5.0
1443,8.0,9.0,8.0,7.0,9.0
1444,8.0,6.0,3.0,7.0,7.0
1445,5.0,3.0,8.0,4.0,6.0
1446,23.0,21.0,30.0,23.0,22.0
1447,14.0,5.0,45.0,14.0,14.0
1448,10.0,9.0,2.0,10.0,12.0
1449,12.0,7.0,15.0,11.0,11.0
1450,12.0,5.0,13.0,12.0,12.0
1451,25.0,19.0,27.0,25.0,25.0
1452,21.0,21.0,21.0,22.0,21.0
1453,7.0,3.0,9.0,7.0,7.0
1454,14.0,11.0,15.0,14.0,14.0
1455,5.0,3.0,0.0,6.0,5.0
1456,8.0,5.0,2.0,8.0,8.0
1457,9.0,12.0,6.0,8.0,9.0
1458,5.0,4.0,5.0,5.0,5.0
1459,7.0,3.0,5.0,7.0,8.0
1460,17.0,9.0,21.0,16.0,17.0
1461,16.0,9.0,20.0,16.0,15.0
1462,3.0,4.0,1.0,3.0,3.0
1463,5.0,5.0,10.0,5.0,5.0
1464,42.0,44.0,52.0,42.0,43.0
1465,14.0,16.0,13.0,14.0,14.0
1466,15.0,8.0,11.0,14.0,15.0
1467,8.0,33.0,7.0,8.0,7.0
1468,19.0,31.0,18.0,18.0,19.0
1469,10.0,11.0,11.0,10.0,9.0
1470,34.0,41.0,24.0,34.0,35.0
1471,2.0,1.0,2.0,3.0,2.0
1472,51.0,46.0,65.0,51.0,41.0
1473,12.0,15.0,12.0,12.0,12.0
1474,14.0,11.0,8.0,14.0,13.0
1475,18.0,31.0,25.0,18.0,19.0
1476,3.0,4.0,4.0,3.0,3.0
1477,29.0,17.0,26.0,28.0,28.0
1478,17.0,12.0,20.0,16.0,17.0
1479,5.0,9.0,1.0,5.0,6.0
1480,2.0,2.0,0.0,3.0,2.0
1481,8.0,4.0,8.0,7.0,8.0
1482,10.0,10.0,7.0,9.0,11.0
1483,26.0,28.0,42.0,26.0,28.0
1484,9.0,3.0,11.0,9.0,9.0
1485,11.0,3.0,3.0,10.0,11.0
1486,15.0,14.0,13.0,15.0,16.0
1487,76.0,43.0,58.0,77.0,79.0
1488,16.0,11.0,12.0,16.0,16.0
1489,23.0,4.0,25.0,23.0,22.0
1490,9.0,9.0,8.0,9.0,10.0
1491,2.0,2.0,0.0,3.0,2.0
1492,12.0,8.0,12.0,11.0,10.0
1493,3.0,2.0,2.0,4.0,3.0
1494,50.0,39.0,50.0,50.0,55.0
1495,2.0,2.0,4.0,3.0,2.0
1496,23.0,16.0,40.0,23.0,25.0
1497,48.0,57.0,43.0,47.0,48.0
1498,15.0,15.0,11.0,14.0,15.0
1499,59.0,108.0,53.0,59.0,64.0
1500,19.0,32.0,10.0,18.0,18.0
1501,94.0,95.0,103.0,94.0,103.0
1502,6.0,5.0,10.0,6.0,6.0
1503,9.0,3.0,8.0,8.0,8.0
1504,17.0,26.0,55.0,16.0,17.0
1505,4.0,4.0,3.0,4.0,4.0
1506,36.0,23.0,34.0,36.0,38.0
1507,9.0,10.0,8.0,7.0,9.0
1508,6.0,9.0,12.0,5.0,6.0
1509,288.0,289.0,252.0,290.0,296.0
1510,3.0,2.0,3.0,3.0,3.0
1511,115.0,118.0,126.0,114.0,113.0
1512,57.0,67.0,0.0,58.0,56.0
1513,13.0,8.0,9.0,12.0,12.0
1514,16.0,18.0,17.0,16.0,16.0
1515,98.0,112.0,90.0,99.0,101.0
1516,30.0,22.0,32.0,30.0,30.0
1517,5.0,4.0,2.0,5.0,6.0
1518,25.0,22.0,22.0,26.0,25.0
1519,9.0,5.0,14.0,9.0,8.0
1520,24.0,18.0,28.0,23.0,24.0
1521,108.0,103.0,116.0,108.0,99.0
1522,7.0,7.0,40.0,7.0,7.0
1523,5.0,3.0,0.0,5.0,5.0
1524,45.0,25.0,31.0,44.0,49.0
1525,73.0,42.0,59.0,70.0,63.0
1526,2.0,2.0,1.0,3.0,2.0
1527,3.0,2.0,4.0,3.0,3.0
1528,8.0,9.0,6.0,8.0,8.0
1529,3.0,1.0,3.0,3.0,3.0
1530,24.0,22.0,24.0,24.0,25.0
1531,45.0,35.0,44.0,44.0,48.0
1532,6.0,12.0,2.0,6.0,7.0
1533,13.0,17.0,20.0,11.0,12.0
1534,5.0,4.0,4.0,5.0,5.0
1535,7.0,4.0,0.0,7.0,7.0
1536,66.0,103.0,86.0,66.0,67.0
1537,3.0,3.0,0.0,4.0,3.0
1538,6.0,4.0,13.0,5.0,7.0
1539,27.0,22.0,27.0,27.0,27.0
1540,19.0,8.0,15.0,19.0,21.0
1541,6.0,7.0,7.0,5.0,7.0
1542,5.0,3.0,3.0,4.0,5.0
